,mean_fit_time,std_fit_time,mean_score_time,std_score_time,param_C,param_decision_function_shape,param_degree,param_gamma,param_kernel,params,split0_test_score,split1_test_score,split2_test_score,split3_test_score,split4_test_score,mean_test_score,std_test_score,rank_test_score
193,0.09210724830627441,0.00233538710694167,0.017218303680419923,0.000808072472471137,10,ovo,3,auto,poly,"{'C': 10, 'decision_function_shape': 'ovo', 'degree': 3, 'gamma': 'auto', 'kernel': 'poly'}",0.47058823529411764,0.4615384615384615,0.5490196078431373,0.5333333333333333,0.5050505050505051,0.503906028611911,0.03408107161410425,1
65,0.09087419509887695,0.0007469395265621687,0.01672816276550293,0.00018329529806701347,0.5,ovo,3,auto,poly,"{'C': 0.5, 'decision_function_shape': 'ovo', 'degree': 3, 'gamma': 'auto', 'kernel': 'poly'}",0.47058823529411764,0.4615384615384615,0.5490196078431373,0.5333333333333333,0.5050505050505051,0.503906028611911,0.03408107161410425,1
257,0.09191288948059081,0.0010619844017441262,0.017154693603515625,0.000640678341880584,50,ovo,3,auto,poly,"{'C': 50, 'decision_function_shape': 'ovo', 'degree': 3, 'gamma': 'auto', 'kernel': 'poly'}",0.47058823529411764,0.4615384615384615,0.5490196078431373,0.5333333333333333,0.5050505050505051,0.503906028611911,0.03408107161410425,1
97,0.09118099212646484,0.0007959279429663426,0.016851091384887697,0.00018008950805019832,0.5,ovr,3,auto,poly,"{'C': 0.5, 'decision_function_shape': 'ovr', 'degree': 3, 'gamma': 'auto', 'kernel': 'poly'}",0.47058823529411764,0.4615384615384615,0.5490196078431373,0.5333333333333333,0.5050505050505051,0.503906028611911,0.03408107161410425,1
289,0.09056801795959472,0.00044246766431263614,0.016649866104125978,8.56599964825131e-05,50,ovr,3,auto,poly,"{'C': 50, 'decision_function_shape': 'ovr', 'degree': 3, 'gamma': 'auto', 'kernel': 'poly'}",0.47058823529411764,0.4615384615384615,0.5490196078431373,0.5333333333333333,0.5050505050505051,0.503906028611911,0.03408107161410425,1
33,0.09316143989562989,0.0014591915497237967,0.01701674461364746,0.00031131436376002707,0.1,ovr,3,auto,poly,"{'C': 0.1, 'decision_function_shape': 'ovr', 'degree': 3, 'gamma': 'auto', 'kernel': 'poly'}",0.47058823529411764,0.4615384615384615,0.5490196078431373,0.5333333333333333,0.5050505050505051,0.503906028611911,0.03408107161410425,1
225,0.09081621170043945,0.00045333403922389,0.01671113967895508,6.367474233023332e-05,10,ovr,3,auto,poly,"{'C': 10, 'decision_function_shape': 'ovr', 'degree': 3, 'gamma': 'auto', 'kernel': 'poly'}",0.47058823529411764,0.4615384615384615,0.5490196078431373,0.5333333333333333,0.5050505050505051,0.503906028611911,0.03408107161410425,1
161,0.09040946960449218,0.00044385408892320125,0.016632509231567384,9.04948991014737e-05,1,ovr,3,auto,poly,"{'C': 1, 'decision_function_shape': 'ovr', 'degree': 3, 'gamma': 'auto', 'kernel': 'poly'}",0.47058823529411764,0.4615384615384615,0.5490196078431373,0.5333333333333333,0.5050505050505051,0.503906028611911,0.03408107161410425,1
129,0.09095535278320313,0.0004931879633465021,0.016648244857788087,8.388830125400439e-05,1,ovo,3,auto,poly,"{'C': 1, 'decision_function_shape': 'ovo', 'degree': 3, 'gamma': 'auto', 'kernel': 'poly'}",0.47058823529411764,0.4615384615384615,0.5490196078431373,0.5333333333333333,0.5050505050505051,0.503906028611911,0.03408107161410425,1
1,0.09211945533752441,0.001010718948889968,0.016995573043823244,0.0002807495384062043,0.1,ovo,3,auto,poly,"{'C': 0.1, 'decision_function_shape': 'ovo', 'degree': 3, 'gamma': 'auto', 'kernel': 'poly'}",0.47058823529411764,0.4615384615384615,0.5490196078431373,0.5333333333333333,0.5050505050505051,0.503906028611911,0.03408107161410425,1
9,0.09293069839477539,0.0008685353111253688,0.017043352127075195,0.00012710040560514897,0.1,ovo,5,auto,poly,"{'C': 0.1, 'decision_function_shape': 'ovo', 'degree': 5, 'gamma': 'auto', 'kernel': 'poly'}",0.46464646464646464,0.4752475247524752,0.5544554455445545,0.5283018867924528,0.4897959183673469,0.5024894480206588,0.033770064741038906,11
233,0.0922165870666504,0.0008435358442481695,0.017183780670166016,0.0007842890250437822,10,ovr,5,auto,poly,"{'C': 10, 'decision_function_shape': 'ovr', 'degree': 5, 'gamma': 'auto', 'kernel': 'poly'}",0.46464646464646464,0.4752475247524752,0.5544554455445545,0.5283018867924528,0.4897959183673469,0.5024894480206588,0.033770064741038906,11
105,0.09168057441711426,0.0002793257534683766,0.016817808151245117,0.00016474106193260457,0.5,ovr,5,auto,poly,"{'C': 0.5, 'decision_function_shape': 'ovr', 'degree': 5, 'gamma': 'auto', 'kernel': 'poly'}",0.46464646464646464,0.4752475247524752,0.5544554455445545,0.5283018867924528,0.4897959183673469,0.5024894480206588,0.033770064741038906,11
137,0.09199237823486328,0.0002714433793328803,0.016856813430786134,0.00015731764810901632,1,ovo,5,auto,poly,"{'C': 1, 'decision_function_shape': 'ovo', 'degree': 5, 'gamma': 'auto', 'kernel': 'poly'}",0.46464646464646464,0.4752475247524752,0.5544554455445545,0.5283018867924528,0.4897959183673469,0.5024894480206588,0.033770064741038906,11
297,0.0916379451751709,0.00025789294120462993,0.016804075241088866,0.0001812175439161298,50,ovr,5,auto,poly,"{'C': 50, 'decision_function_shape': 'ovr', 'degree': 5, 'gamma': 'auto', 'kernel': 'poly'}",0.46464646464646464,0.4752475247524752,0.5544554455445545,0.5283018867924528,0.4897959183673469,0.5024894480206588,0.033770064741038906,11
201,0.09255399703979492,0.0007799918906821715,0.017037630081176758,0.00023451120980828567,10,ovo,5,auto,poly,"{'C': 10, 'decision_function_shape': 'ovo', 'degree': 5, 'gamma': 'auto', 'kernel': 'poly'}",0.46464646464646464,0.4752475247524752,0.5544554455445545,0.5283018867924528,0.4897959183673469,0.5024894480206588,0.033770064741038906,11
41,0.09387779235839844,0.0008136365083798365,0.017293167114257813,0.00030053992603230943,0.1,ovr,5,auto,poly,"{'C': 0.1, 'decision_function_shape': 'ovr', 'degree': 5, 'gamma': 'auto', 'kernel': 'poly'}",0.46464646464646464,0.4752475247524752,0.5544554455445545,0.5283018867924528,0.4897959183673469,0.5024894480206588,0.033770064741038906,11
73,0.09189162254333497,0.00019072440834001783,0.016850614547729494,0.00012636442001889904,0.5,ovo,5,auto,poly,"{'C': 0.5, 'decision_function_shape': 'ovo', 'degree': 5, 'gamma': 'auto', 'kernel': 'poly'}",0.46464646464646464,0.4752475247524752,0.5544554455445545,0.5283018867924528,0.4897959183673469,0.5024894480206588,0.033770064741038906,11
169,0.09332718849182128,0.000724517801588153,0.017484569549560548,0.0006125083939416817,1,ovr,5,auto,poly,"{'C': 1, 'decision_function_shape': 'ovr', 'degree': 5, 'gamma': 'auto', 'kernel': 'poly'}",0.46464646464646464,0.4752475247524752,0.5544554455445545,0.5283018867924528,0.4897959183673469,0.5024894480206588,0.033770064741038906,11
265,0.09468641281127929,0.00047611552947186516,0.017409896850585936,0.00027077564880413206,50,ovo,5,auto,poly,"{'C': 50, 'decision_function_shape': 'ovo', 'degree': 5, 'gamma': 'auto', 'kernel': 'poly'}",0.46464646464646464,0.4752475247524752,0.5544554455445545,0.5283018867924528,0.4897959183673469,0.5024894480206588,0.033770064741038906,11
260,0.09183664321899414,0.0016565147073940583,0.017134332656860353,0.0005525947017019547,50,ovo,3,scale,linear,"{'C': 50, 'decision_function_shape': 'ovo', 'degree': 3, 'gamma': 'scale', 'kernel': 'linear'}",0.48,0.4571428571428572,0.5294117647058824,0.5137614678899083,0.49019607843137253,0.4941024336340041,0.02535103559381304,21
116,0.08975768089294434,0.0003413087662324961,0.01654658317565918,0.0001273611965470969,0.5,ovr,10,scale,linear,"{'C': 0.5, 'decision_function_shape': 'ovr', 'degree': 10, 'gamma': 'scale', 'kernel': 'linear'}",0.48,0.4571428571428572,0.5294117647058824,0.5137614678899083,0.49019607843137253,0.4941024336340041,0.02535103559381304,21
240,0.09068350791931153,0.0017240788570855369,0.016887664794921875,0.0007263552450733364,10,ovr,10,auto,linear,"{'C': 10, 'decision_function_shape': 'ovr', 'degree': 10, 'gamma': 'auto', 'kernel': 'linear'}",0.48,0.4571428571428572,0.5294117647058824,0.5137614678899083,0.49019607843137253,0.4941024336340041,0.02535103559381304,21
112,0.08910245895385742,0.0003514072587479976,0.01646108627319336,0.00017903812341746634,0.5,ovr,10,auto,linear,"{'C': 0.5, 'decision_function_shape': 'ovr', 'degree': 10, 'gamma': 'auto', 'kernel': 'linear'}",0.48,0.4571428571428572,0.5294117647058824,0.5137614678899083,0.49019607843137253,0.4941024336340041,0.02535103559381304,21
244,0.09076943397521972,0.00043725823367847744,0.016634368896484376,0.0001791101291360058,10,ovr,10,scale,linear,"{'C': 10, 'decision_function_shape': 'ovr', 'degree': 10, 'gamma': 'scale', 'kernel': 'linear'}",0.48,0.4571428571428572,0.5294117647058824,0.5137614678899083,0.49019607843137253,0.4941024336340041,0.02535103559381304,21
108,0.09033164978027344,0.00048735404362625805,0.016629695892333984,0.0001875501230380326,0.5,ovr,5,scale,linear,"{'C': 0.5, 'decision_function_shape': 'ovr', 'degree': 5, 'gamma': 'scale', 'kernel': 'linear'}",0.48,0.4571428571428572,0.5294117647058824,0.5137614678899083,0.49019607843137253,0.4941024336340041,0.02535103559381304,21
104,0.08978562355041504,0.0007691597595589496,0.016583871841430665,0.00021847372503051418,0.5,ovr,5,auto,linear,"{'C': 0.5, 'decision_function_shape': 'ovr', 'degree': 5, 'gamma': 'auto', 'kernel': 'linear'}",0.48,0.4571428571428572,0.5294117647058824,0.5137614678899083,0.49019607843137253,0.4941024336340041,0.02535103559381304,21
248,0.0897714614868164,0.0007142295692388387,0.016654777526855468,0.0002062297501185376,10,ovr,20,auto,linear,"{'C': 10, 'decision_function_shape': 'ovr', 'degree': 20, 'gamma': 'auto', 'kernel': 'linear'}",0.48,0.4571428571428572,0.5294117647058824,0.5137614678899083,0.49019607843137253,0.4941024336340041,0.02535103559381304,21
100,0.09010548591613769,0.0003533794271263314,0.01656231880187988,0.00013306649895006309,0.5,ovr,3,scale,linear,"{'C': 0.5, 'decision_function_shape': 'ovr', 'degree': 3, 'gamma': 'scale', 'kernel': 'linear'}",0.48,0.4571428571428572,0.5294117647058824,0.5137614678899083,0.49019607843137253,0.4941024336340041,0.02535103559381304,21
76,0.09002008438110351,0.00036225048070198673,0.01657238006591797,0.00014041373526149967,0.5,ovo,5,scale,linear,"{'C': 0.5, 'decision_function_shape': 'ovo', 'degree': 5, 'gamma': 'scale', 'kernel': 'linear'}",0.48,0.4571428571428572,0.5294117647058824,0.5137614678899083,0.49019607843137253,0.4941024336340041,0.02535103559381304,21
264,0.09117732048034669,0.0013986397500296871,0.01682415008544922,0.00024067080063864082,50,ovo,5,auto,linear,"{'C': 50, 'decision_function_shape': 'ovo', 'degree': 5, 'gamma': 'auto', 'kernel': 'linear'}",0.48,0.4571428571428572,0.5294117647058824,0.5137614678899083,0.49019607843137253,0.4941024336340041,0.02535103559381304,21
188,0.0923680305480957,0.0010829934795875528,0.01699066162109375,0.00028428417923485384,1,ovr,20,scale,linear,"{'C': 1, 'decision_function_shape': 'ovr', 'degree': 20, 'gamma': 'scale', 'kernel': 'linear'}",0.48,0.4571428571428572,0.5294117647058824,0.5137614678899083,0.49019607843137253,0.4941024336340041,0.02535103559381304,21
120,0.0891632080078125,0.000343932451509448,0.016455364227294923,0.00016985588821690989,0.5,ovr,20,auto,linear,"{'C': 0.5, 'decision_function_shape': 'ovr', 'degree': 20, 'gamma': 'auto', 'kernel': 'linear'}",0.48,0.4571428571428572,0.5294117647058824,0.5137614678899083,0.49019607843137253,0.4941024336340041,0.02535103559381304,21
252,0.09130034446716309,0.0014971633026679928,0.01697998046875,0.0005698655601389869,10,ovr,20,scale,linear,"{'C': 10, 'decision_function_shape': 'ovr', 'degree': 20, 'gamma': 'scale', 'kernel': 'linear'}",0.48,0.4571428571428572,0.5294117647058824,0.5137614678899083,0.49019607843137253,0.4941024336340041,0.02535103559381304,21
92,0.08996343612670898,0.0005410516607586892,0.016556310653686523,0.00010941240306958062,0.5,ovo,20,scale,linear,"{'C': 0.5, 'decision_function_shape': 'ovo', 'degree': 20, 'gamma': 'scale', 'kernel': 'linear'}",0.48,0.4571428571428572,0.5294117647058824,0.5137614678899083,0.49019607843137253,0.4941024336340041,0.02535103559381304,21
256,0.09332523345947266,0.0008092263556967793,0.017201614379882813,0.00020876219413299102,50,ovo,3,auto,linear,"{'C': 50, 'decision_function_shape': 'ovo', 'degree': 3, 'gamma': 'auto', 'kernel': 'linear'}",0.48,0.4571428571428572,0.5294117647058824,0.5137614678899083,0.49019607843137253,0.4941024336340041,0.02535103559381304,21
88,0.09024944305419921,0.0009640847223854923,0.016648626327514647,0.00035327811153991777,0.5,ovo,20,auto,linear,"{'C': 0.5, 'decision_function_shape': 'ovo', 'degree': 20, 'gamma': 'auto', 'kernel': 'linear'}",0.48,0.4571428571428572,0.5294117647058824,0.5137614678899083,0.49019607843137253,0.4941024336340041,0.02535103559381304,21
196,0.09216628074645997,0.0006425361438644479,0.016846179962158203,0.00025214065017718795,10,ovo,3,scale,linear,"{'C': 10, 'decision_function_shape': 'ovo', 'degree': 3, 'gamma': 'scale', 'kernel': 'linear'}",0.48,0.4571428571428572,0.5294117647058824,0.5137614678899083,0.49019607843137253,0.4941024336340041,0.02535103559381304,21
84,0.09018058776855468,0.0009597853773431496,0.016864633560180663,0.0007292651936196919,0.5,ovo,10,scale,linear,"{'C': 0.5, 'decision_function_shape': 'ovo', 'degree': 10, 'gamma': 'scale', 'kernel': 'linear'}",0.48,0.4571428571428572,0.5294117647058824,0.5137614678899083,0.49019607843137253,0.4941024336340041,0.02535103559381304,21
80,0.09089851379394531,0.0011641467751324689,0.016739559173583985,0.00038299711932874794,0.5,ovo,10,auto,linear,"{'C': 0.5, 'decision_function_shape': 'ovo', 'degree': 10, 'gamma': 'auto', 'kernel': 'linear'}",0.48,0.4571428571428572,0.5294117647058824,0.5137614678899083,0.49019607843137253,0.4941024336340041,0.02535103559381304,21
192,0.08950948715209961,0.0005331622861215032,0.016466474533081053,0.0001689654555803738,10,ovo,3,auto,linear,"{'C': 10, 'decision_function_shape': 'ovo', 'degree': 3, 'gamma': 'auto', 'kernel': 'linear'}",0.48,0.4571428571428572,0.5294117647058824,0.5137614678899083,0.49019607843137253,0.4941024336340041,0.02535103559381304,21
124,0.10735940933227539,0.015376486615978967,0.019258975982666016,0.002256350363693592,0.5,ovr,20,scale,linear,"{'C': 0.5, 'decision_function_shape': 'ovr', 'degree': 20, 'gamma': 'scale', 'kernel': 'linear'}",0.48,0.4571428571428572,0.5294117647058824,0.5137614678899083,0.49019607843137253,0.4941024336340041,0.02535103559381304,21
184,0.09064307212829589,0.000842281795383569,0.01677737236022949,0.0002628432473809766,1,ovr,20,auto,linear,"{'C': 1, 'decision_function_shape': 'ovr', 'degree': 20, 'gamma': 'auto', 'kernel': 'linear'}",0.48,0.4571428571428572,0.5294117647058824,0.5137614678899083,0.49019607843137253,0.4941024336340041,0.02535103559381304,21
204,0.09207358360290527,0.0016495801275111122,0.01697573661804199,0.0002707645223859644,10,ovo,5,scale,linear,"{'C': 10, 'decision_function_shape': 'ovo', 'degree': 5, 'gamma': 'scale', 'kernel': 'linear'}",0.48,0.4571428571428572,0.5294117647058824,0.5137614678899083,0.49019607843137253,0.4941024336340041,0.02535103559381304,21
172,0.09094595909118652,0.0017884280353198465,0.0170499324798584,0.0006512253177541462,1,ovr,5,scale,linear,"{'C': 1, 'decision_function_shape': 'ovr', 'degree': 5, 'gamma': 'scale', 'kernel': 'linear'}",0.48,0.4571428571428572,0.5294117647058824,0.5137614678899083,0.49019607843137253,0.4941024336340041,0.02535103559381304,21
168,0.08953056335449219,0.0005637563787770139,0.016552209854125977,0.00023512573855702373,1,ovr,5,auto,linear,"{'C': 1, 'decision_function_shape': 'ovr', 'degree': 5, 'gamma': 'auto', 'kernel': 'linear'}",0.48,0.4571428571428572,0.5294117647058824,0.5137614678899083,0.49019607843137253,0.4941024336340041,0.02535103559381304,21
208,0.09012303352355958,0.0008576674543175452,0.016556978225708008,0.00021354975251928977,10,ovo,10,auto,linear,"{'C': 10, 'decision_function_shape': 'ovo', 'degree': 10, 'gamma': 'auto', 'kernel': 'linear'}",0.48,0.4571428571428572,0.5294117647058824,0.5137614678899083,0.49019607843137253,0.4941024336340041,0.02535103559381304,21
164,0.08970398902893066,0.00032672774213934625,0.016469192504882813,0.00018146121851008747,1,ovr,3,scale,linear,"{'C': 1, 'decision_function_shape': 'ovr', 'degree': 3, 'gamma': 'scale', 'kernel': 'linear'}",0.48,0.4571428571428572,0.5294117647058824,0.5137614678899083,0.49019607843137253,0.4941024336340041,0.02535103559381304,21
212,0.09020051956176758,0.0003912814150583331,0.016619062423706053,0.00030721144187180504,10,ovo,10,scale,linear,"{'C': 10, 'decision_function_shape': 'ovo', 'degree': 10, 'gamma': 'scale', 'kernel': 'linear'}",0.48,0.4571428571428572,0.5294117647058824,0.5137614678899083,0.49019607843137253,0.4941024336340041,0.02535103559381304,21
180,0.09048686027526856,0.0006600732377796672,0.016794872283935548,0.00043115436542613206,1,ovr,10,scale,linear,"{'C': 1, 'decision_function_shape': 'ovr', 'degree': 10, 'gamma': 'scale', 'kernel': 'linear'}",0.48,0.4571428571428572,0.5294117647058824,0.5137614678899083,0.49019607843137253,0.4941024336340041,0.02535103559381304,21
160,0.08913302421569824,0.0003363322482900091,0.016458702087402344,0.00016552750687148066,1,ovr,3,auto,linear,"{'C': 1, 'decision_function_shape': 'ovr', 'degree': 3, 'gamma': 'auto', 'kernel': 'linear'}",0.48,0.4571428571428572,0.5294117647058824,0.5137614678899083,0.49019607843137253,0.4941024336340041,0.02535103559381304,21
156,0.09083280563354493,0.001539276224584759,0.016667795181274415,0.00033912584939797087,1,ovo,20,scale,linear,"{'C': 1, 'decision_function_shape': 'ovo', 'degree': 20, 'gamma': 'scale', 'kernel': 'linear'}",0.48,0.4571428571428572,0.5294117647058824,0.5137614678899083,0.49019607843137253,0.4941024336340041,0.02535103559381304,21
216,0.08975143432617187,0.0005068020481261156,0.016890764236450195,0.0007267831926014,10,ovo,20,auto,linear,"{'C': 10, 'decision_function_shape': 'ovo', 'degree': 20, 'gamma': 'auto', 'kernel': 'linear'}",0.48,0.4571428571428572,0.5294117647058824,0.5137614678899083,0.49019607843137253,0.4941024336340041,0.02535103559381304,21
152,0.0892155647277832,0.00032562529777037933,0.01646561622619629,0.0001667528517648327,1,ovo,20,auto,linear,"{'C': 1, 'decision_function_shape': 'ovo', 'degree': 20, 'gamma': 'auto', 'kernel': 'linear'}",0.48,0.4571428571428572,0.5294117647058824,0.5137614678899083,0.49019607843137253,0.4941024336340041,0.02535103559381304,21
236,0.0900655746459961,0.0002891523227790878,0.01651477813720703,0.00018431214994108223,10,ovr,5,scale,linear,"{'C': 10, 'decision_function_shape': 'ovr', 'degree': 5, 'gamma': 'scale', 'kernel': 'linear'}",0.48,0.4571428571428572,0.5294117647058824,0.5137614678899083,0.49019607843137253,0.4941024336340041,0.02535103559381304,21
220,0.09042840003967285,0.00047514829531605443,0.016620540618896486,0.00013454352284750703,10,ovo,20,scale,linear,"{'C': 10, 'decision_function_shape': 'ovo', 'degree': 20, 'gamma': 'scale', 'kernel': 'linear'}",0.48,0.4571428571428572,0.5294117647058824,0.5137614678899083,0.49019607843137253,0.4941024336340041,0.02535103559381304,21
144,0.08953342437744141,0.00038031688774585015,0.016527938842773437,0.00016618444711113272,1,ovo,10,auto,linear,"{'C': 1, 'decision_function_shape': 'ovo', 'degree': 10, 'gamma': 'auto', 'kernel': 'linear'}",0.48,0.4571428571428572,0.5294117647058824,0.5137614678899083,0.49019607843137253,0.4941024336340041,0.02535103559381304,21
224,0.08961796760559082,0.0002776597837034479,0.01651873588562012,0.00016971870387005254,10,ovr,3,auto,linear,"{'C': 10, 'decision_function_shape': 'ovr', 'degree': 3, 'gamma': 'auto', 'kernel': 'linear'}",0.48,0.4571428571428572,0.5294117647058824,0.5137614678899083,0.49019607843137253,0.4941024336340041,0.02535103559381304,21
140,0.09025115966796875,0.000546206160329845,0.01650867462158203,0.00018197555404290185,1,ovo,5,scale,linear,"{'C': 1, 'decision_function_shape': 'ovo', 'degree': 5, 'gamma': 'scale', 'kernel': 'linear'}",0.48,0.4571428571428572,0.5294117647058824,0.5137614678899083,0.49019607843137253,0.4941024336340041,0.02535103559381304,21
136,0.08984827995300293,0.0006202846873697355,0.01659221649169922,0.0002630117837759205,1,ovo,5,auto,linear,"{'C': 1, 'decision_function_shape': 'ovo', 'degree': 5, 'gamma': 'auto', 'kernel': 'linear'}",0.48,0.4571428571428572,0.5294117647058824,0.5137614678899083,0.49019607843137253,0.4941024336340041,0.02535103559381304,21
228,0.09035630226135254,0.0005637308037372558,0.016618013381958008,0.00032237041505436294,10,ovr,3,scale,linear,"{'C': 10, 'decision_function_shape': 'ovr', 'degree': 3, 'gamma': 'scale', 'kernel': 'linear'}",0.48,0.4571428571428572,0.5294117647058824,0.5137614678899083,0.49019607843137253,0.4941024336340041,0.02535103559381304,21
132,0.09052205085754395,0.0007770980509638403,0.01692800521850586,0.0006593853018044325,1,ovo,3,scale,linear,"{'C': 1, 'decision_function_shape': 'ovo', 'degree': 3, 'gamma': 'scale', 'kernel': 'linear'}",0.48,0.4571428571428572,0.5294117647058824,0.5137614678899083,0.49019607843137253,0.4941024336340041,0.02535103559381304,21
200,0.09033870697021484,0.0006305681130255855,0.016637229919433595,0.0002436717940954242,10,ovo,5,auto,linear,"{'C': 10, 'decision_function_shape': 'ovo', 'degree': 5, 'gamma': 'auto', 'kernel': 'linear'}",0.48,0.4571428571428572,0.5294117647058824,0.5137614678899083,0.49019607843137253,0.4941024336340041,0.02535103559381304,21
72,0.08971295356750489,0.0005128475434010633,0.016652250289916994,0.00032981149987409145,0.5,ovo,5,auto,linear,"{'C': 0.5, 'decision_function_shape': 'ovo', 'degree': 5, 'gamma': 'auto', 'kernel': 'linear'}",0.48,0.4571428571428572,0.5294117647058824,0.5137614678899083,0.49019607843137253,0.4941024336340041,0.02535103559381304,21
128,0.09020004272460938,0.0005936121172581619,0.01659364700317383,0.00012639678615991462,1,ovo,3,auto,linear,"{'C': 1, 'decision_function_shape': 'ovo', 'degree': 3, 'gamma': 'auto', 'kernel': 'linear'}",0.48,0.4571428571428572,0.5294117647058824,0.5137614678899083,0.49019607843137253,0.4941024336340041,0.02535103559381304,21
232,0.0908940315246582,0.0011462578286392578,0.016721773147583007,0.00018147819607261425,10,ovr,5,auto,linear,"{'C': 10, 'decision_function_shape': 'ovr', 'degree': 5, 'gamma': 'auto', 'kernel': 'linear'}",0.48,0.4571428571428572,0.5294117647058824,0.5137614678899083,0.49019607843137253,0.4941024336340041,0.02535103559381304,21
176,0.09035358428955079,0.0009151069053217816,0.016660356521606447,0.00021841060562470627,1,ovr,10,auto,linear,"{'C': 1, 'decision_function_shape': 'ovr', 'degree': 10, 'gamma': 'auto', 'kernel': 'linear'}",0.48,0.4571428571428572,0.5294117647058824,0.5137614678899083,0.49019607843137253,0.4941024336340041,0.02535103559381304,21
148,0.09262166023254395,0.0009359747363798385,0.017081356048583983,0.000339591446022275,1,ovo,10,scale,linear,"{'C': 1, 'decision_function_shape': 'ovo', 'degree': 10, 'gamma': 'scale', 'kernel': 'linear'}",0.48,0.4571428571428572,0.5294117647058824,0.5137614678899083,0.49019607843137253,0.4941024336340041,0.02535103559381304,21
268,0.08981175422668457,0.00035667803196193964,0.01661982536315918,0.00015817060141328206,50,ovo,5,scale,linear,"{'C': 50, 'decision_function_shape': 'ovo', 'degree': 5, 'gamma': 'scale', 'kernel': 'linear'}",0.48,0.4571428571428572,0.5294117647058824,0.5137614678899083,0.49019607843137253,0.4941024336340041,0.02535103559381304,21
0,0.09322223663330079,0.0012195868025777013,0.0176572322845459,0.0007945186935427962,0.1,ovo,3,auto,linear,"{'C': 0.1, 'decision_function_shape': 'ovo', 'degree': 3, 'gamma': 'auto', 'kernel': 'linear'}",0.48,0.4571428571428572,0.5294117647058824,0.5137614678899083,0.49019607843137253,0.4941024336340041,0.02535103559381304,21
96,0.08975639343261718,0.0006006954581663043,0.016558027267456053,0.0002460321062723288,0.5,ovr,3,auto,linear,"{'C': 0.5, 'decision_function_shape': 'ovr', 'degree': 3, 'gamma': 'auto', 'kernel': 'linear'}",0.48,0.4571428571428572,0.5294117647058824,0.5137614678899083,0.49019607843137253,0.4941024336340041,0.02535103559381304,21
52,0.09174728393554688,0.0007675579173470352,0.016837501525878908,0.0002411003257195338,0.1,ovr,10,scale,linear,"{'C': 0.1, 'decision_function_shape': 'ovr', 'degree': 10, 'gamma': 'scale', 'kernel': 'linear'}",0.48,0.4571428571428572,0.5294117647058824,0.5137614678899083,0.49019607843137253,0.4941024336340041,0.02535103559381304,21
280,0.08926911354064941,0.00038475633655729054,0.016468572616577148,0.00018213740137166357,50,ovo,20,auto,linear,"{'C': 50, 'decision_function_shape': 'ovo', 'degree': 20, 'gamma': 'auto', 'kernel': 'linear'}",0.48,0.4571428571428572,0.5294117647058824,0.5137614678899083,0.49019607843137253,0.4941024336340041,0.02535103559381304,21
8,0.09039096832275391,0.0010663856228544796,0.01663689613342285,0.00024626302931428135,0.1,ovo,5,auto,linear,"{'C': 0.1, 'decision_function_shape': 'ovo', 'degree': 5, 'gamma': 'auto', 'kernel': 'linear'}",0.48,0.4571428571428572,0.5294117647058824,0.5137614678899083,0.49019607843137253,0.4941024336340041,0.02535103559381304,21
48,0.09064826965332032,0.001759787630974989,0.016791725158691408,0.00045917642168848176,0.1,ovr,10,auto,linear,"{'C': 0.1, 'decision_function_shape': 'ovr', 'degree': 10, 'gamma': 'auto', 'kernel': 'linear'}",0.48,0.4571428571428572,0.5294117647058824,0.5137614678899083,0.49019607843137253,0.4941024336340041,0.02535103559381304,21
284,0.08977437019348145,0.00039926247538117735,0.016522693634033202,0.00013873981714781675,50,ovo,20,scale,linear,"{'C': 50, 'decision_function_shape': 'ovo', 'degree': 20, 'gamma': 'scale', 'kernel': 'linear'}",0.48,0.4571428571428572,0.5294117647058824,0.5137614678899083,0.49019607843137253,0.4941024336340041,0.02535103559381304,21
28,0.09039497375488281,0.000890922436645769,0.016692733764648436,0.0002401327783737419,0.1,ovo,20,scale,linear,"{'C': 0.1, 'decision_function_shape': 'ovo', 'degree': 20, 'gamma': 'scale', 'kernel': 'linear'}",0.48,0.4571428571428572,0.5294117647058824,0.5137614678899083,0.49019607843137253,0.4941024336340041,0.02535103559381304,21
44,0.0939931869506836,0.001692923720362696,0.017743539810180665,0.0006578093534819918,0.1,ovr,5,scale,linear,"{'C': 0.1, 'decision_function_shape': 'ovr', 'degree': 5, 'gamma': 'scale', 'kernel': 'linear'}",0.48,0.4571428571428572,0.5294117647058824,0.5137614678899083,0.49019607843137253,0.4941024336340041,0.02535103559381304,21
12,0.08981156349182129,0.0003228347441913374,0.016551637649536134,0.0001586783815274878,0.1,ovo,5,scale,linear,"{'C': 0.1, 'decision_function_shape': 'ovo', 'degree': 5, 'gamma': 'scale', 'kernel': 'linear'}",0.48,0.4571428571428572,0.5294117647058824,0.5137614678899083,0.49019607843137253,0.4941024336340041,0.02535103559381304,21
308,0.09316802024841309,0.0008329695652805569,0.017205572128295897,0.0002822424314424971,50,ovr,10,scale,linear,"{'C': 50, 'decision_function_shape': 'ovr', 'degree': 10, 'gamma': 'scale', 'kernel': 'linear'}",0.48,0.4571428571428572,0.5294117647058824,0.5137614678899083,0.49019607843137253,0.4941024336340041,0.02535103559381304,21
288,0.08927774429321289,0.00034368548834371414,0.01646909713745117,0.0001741187451281302,50,ovr,3,auto,linear,"{'C': 50, 'decision_function_shape': 'ovr', 'degree': 3, 'gamma': 'auto', 'kernel': 'linear'}",0.48,0.4571428571428572,0.5294117647058824,0.5137614678899083,0.49019607843137253,0.4941024336340041,0.02535103559381304,21
40,0.0917468547821045,0.0016155997664578684,0.016702699661254882,0.00019063299558243034,0.1,ovr,5,auto,linear,"{'C': 0.1, 'decision_function_shape': 'ovr', 'degree': 5, 'gamma': 'auto', 'kernel': 'linear'}",0.48,0.4571428571428572,0.5294117647058824,0.5137614678899083,0.49019607843137253,0.4941024336340041,0.02535103559381304,21
296,0.08935022354125977,0.00035739907257481324,0.016478729248046876,0.00016747817584527797,50,ovr,5,auto,linear,"{'C': 50, 'decision_function_shape': 'ovr', 'degree': 5, 'gamma': 'auto', 'kernel': 'linear'}",0.48,0.4571428571428572,0.5294117647058824,0.5137614678899083,0.49019607843137253,0.4941024336340041,0.02535103559381304,21
36,0.09228920936584473,0.0016320267962420096,0.017302465438842774,0.000524729284150343,0.1,ovr,3,scale,linear,"{'C': 0.1, 'decision_function_shape': 'ovr', 'degree': 3, 'gamma': 'scale', 'kernel': 'linear'}",0.48,0.4571428571428572,0.5294117647058824,0.5137614678899083,0.49019607843137253,0.4941024336340041,0.02535103559381304,21
292,0.08994975090026855,0.00048058320115250755,0.01654205322265625,0.0001685147239579134,50,ovr,3,scale,linear,"{'C': 50, 'decision_function_shape': 'ovr', 'degree': 3, 'gamma': 'scale', 'kernel': 'linear'}",0.48,0.4571428571428572,0.5294117647058824,0.5137614678899083,0.49019607843137253,0.4941024336340041,0.02535103559381304,21
16,0.0896841049194336,0.0005399941676994254,0.01686062812805176,0.0007634459334318321,0.1,ovo,10,auto,linear,"{'C': 0.1, 'decision_function_shape': 'ovo', 'degree': 10, 'gamma': 'auto', 'kernel': 'linear'}",0.48,0.4571428571428572,0.5294117647058824,0.5137614678899083,0.49019607843137253,0.4941024336340041,0.02535103559381304,21
68,0.0905489444732666,0.0005023625407477399,0.01662001609802246,0.0001385518941165062,0.5,ovo,3,scale,linear,"{'C': 0.5, 'decision_function_shape': 'ovo', 'degree': 3, 'gamma': 'scale', 'kernel': 'linear'}",0.48,0.4571428571428572,0.5294117647058824,0.5137614678899083,0.49019607843137253,0.4941024336340041,0.02535103559381304,21
32,0.09305920600891113,0.0021997583994265092,0.017302989959716797,0.0005106392332988885,0.1,ovr,3,auto,linear,"{'C': 0.1, 'decision_function_shape': 'ovr', 'degree': 3, 'gamma': 'auto', 'kernel': 'linear'}",0.48,0.4571428571428572,0.5294117647058824,0.5137614678899083,0.49019607843137253,0.4941024336340041,0.02535103559381304,21
312,0.09203696250915527,0.0005328098903859686,0.017092037200927734,0.00039374385930000393,50,ovr,20,auto,linear,"{'C': 50, 'decision_function_shape': 'ovr', 'degree': 20, 'gamma': 'auto', 'kernel': 'linear'}",0.48,0.4571428571428572,0.5294117647058824,0.5137614678899083,0.49019607843137253,0.4941024336340041,0.02535103559381304,21
24,0.08978958129882812,0.000784467117178337,0.016627740859985352,0.00030837997270652916,0.1,ovo,20,auto,linear,"{'C': 0.1, 'decision_function_shape': 'ovo', 'degree': 20, 'gamma': 'auto', 'kernel': 'linear'}",0.48,0.4571428571428572,0.5294117647058824,0.5137614678899083,0.49019607843137253,0.4941024336340041,0.02535103559381304,21
304,0.0918734073638916,0.0022415235009584544,0.017017459869384764,0.00039909782062895867,50,ovr,10,auto,linear,"{'C': 50, 'decision_function_shape': 'ovr', 'degree': 10, 'gamma': 'auto', 'kernel': 'linear'}",0.48,0.4571428571428572,0.5294117647058824,0.5137614678899083,0.49019607843137253,0.4941024336340041,0.02535103559381304,21
56,0.09124536514282226,0.0007149728120089832,0.016873788833618165,0.0001484032916926582,0.1,ovr,20,auto,linear,"{'C': 0.1, 'decision_function_shape': 'ovr', 'degree': 20, 'gamma': 'auto', 'kernel': 'linear'}",0.48,0.4571428571428572,0.5294117647058824,0.5137614678899083,0.49019607843137253,0.4941024336340041,0.02535103559381304,21
276,0.09044337272644043,0.0006396577553500384,0.016683244705200197,0.0001279526210898788,50,ovo,10,scale,linear,"{'C': 50, 'decision_function_shape': 'ovo', 'degree': 10, 'gamma': 'scale', 'kernel': 'linear'}",0.48,0.4571428571428572,0.5294117647058824,0.5137614678899083,0.49019607843137253,0.4941024336340041,0.02535103559381304,21
64,0.09071722030639648,0.001624728884410788,0.016805171966552734,0.0006038431075988109,0.5,ovo,3,auto,linear,"{'C': 0.5, 'decision_function_shape': 'ovo', 'degree': 3, 'gamma': 'auto', 'kernel': 'linear'}",0.48,0.4571428571428572,0.5294117647058824,0.5137614678899083,0.49019607843137253,0.4941024336340041,0.02535103559381304,21
4,0.09224452972412109,0.0014122981079767911,0.017009830474853514,0.0003404629197086556,0.1,ovo,3,scale,linear,"{'C': 0.1, 'decision_function_shape': 'ovo', 'degree': 3, 'gamma': 'scale', 'kernel': 'linear'}",0.48,0.4571428571428572,0.5294117647058824,0.5137614678899083,0.49019607843137253,0.4941024336340041,0.02535103559381304,21
300,0.08974285125732422,0.0004071440616719706,0.016521549224853514,0.00013377832825720468,50,ovr,5,scale,linear,"{'C': 50, 'decision_function_shape': 'ovr', 'degree': 5, 'gamma': 'scale', 'kernel': 'linear'}",0.48,0.4571428571428572,0.5294117647058824,0.5137614678899083,0.49019607843137253,0.4941024336340041,0.02535103559381304,21
316,0.09220190048217773,0.0009106294230251003,0.01726565361022949,0.0007054016263128088,50,ovr,20,scale,linear,"{'C': 50, 'decision_function_shape': 'ovr', 'degree': 20, 'gamma': 'scale', 'kernel': 'linear'}",0.48,0.4571428571428572,0.5294117647058824,0.5137614678899083,0.49019607843137253,0.4941024336340041,0.02535103559381304,21
20,0.08977880477905273,0.00037610276866726294,0.01654839515686035,0.00014329389003887738,0.1,ovo,10,scale,linear,"{'C': 0.1, 'decision_function_shape': 'ovo', 'degree': 10, 'gamma': 'scale', 'kernel': 'linear'}",0.48,0.4571428571428572,0.5294117647058824,0.5137614678899083,0.49019607843137253,0.4941024336340041,0.02535103559381304,21
272,0.08944802284240723,0.0004937964636049077,0.016510486602783203,0.0001799612115814388,50,ovo,10,auto,linear,"{'C': 50, 'decision_function_shape': 'ovo', 'degree': 10, 'gamma': 'auto', 'kernel': 'linear'}",0.48,0.4571428571428572,0.5294117647058824,0.5137614678899083,0.49019607843137253,0.4941024336340041,0.02535103559381304,21
60,0.09030098915100097,0.0006789887280781765,0.01652836799621582,0.00014702792636860565,0.1,ovr,20,scale,linear,"{'C': 0.1, 'decision_function_shape': 'ovr', 'degree': 20, 'gamma': 'scale', 'kernel': 'linear'}",0.48,0.4571428571428572,0.5294117647058824,0.5137614678899083,0.49019607843137253,0.4941024336340041,0.02535103559381304,21
242,0.09500150680541992,0.00018239425829222257,0.03478841781616211,0.00014496503677168137,10,ovr,10,auto,rbf,"{'C': 10, 'decision_function_shape': 'ovr', 'degree': 10, 'gamma': 'auto', 'kernel': 'rbf'}",0.3943661971830986,0.5384615384615385,0.42666666666666664,0.47222222222222227,0.5499999999999999,0.4763433249067052,0.06080950842111654,101
266,0.0963027000427246,0.001835514082235674,0.03524470329284668,0.0006233169114549667,50,ovo,5,auto,rbf,"{'C': 50, 'decision_function_shape': 'ovo', 'degree': 5, 'gamma': 'auto', 'kernel': 'rbf'}",0.3943661971830986,0.5384615384615385,0.42666666666666664,0.47222222222222227,0.5499999999999999,0.4763433249067052,0.06080950842111654,101
194,0.09556140899658203,0.0007338375699813686,0.03482728004455567,6.817727575908543e-05,10,ovo,3,auto,rbf,"{'C': 10, 'decision_function_shape': 'ovo', 'degree': 3, 'gamma': 'auto', 'kernel': 'rbf'}",0.3943661971830986,0.5384615384615385,0.42666666666666664,0.47222222222222227,0.5499999999999999,0.4763433249067052,0.06080950842111654,101
234,0.09504199028015137,0.00018289331473838339,0.03486800193786621,0.00011459201533672678,10,ovr,5,auto,rbf,"{'C': 10, 'decision_function_shape': 'ovr', 'degree': 5, 'gamma': 'auto', 'kernel': 'rbf'}",0.3943661971830986,0.5384615384615385,0.42666666666666664,0.47222222222222227,0.5499999999999999,0.4763433249067052,0.06080950842111654,101
290,0.09486980438232422,0.000192124277173822,0.03478555679321289,7.470189421458889e-05,50,ovr,3,auto,rbf,"{'C': 50, 'decision_function_shape': 'ovr', 'degree': 3, 'gamma': 'auto', 'kernel': 'rbf'}",0.3943661971830986,0.5384615384615385,0.42666666666666664,0.47222222222222227,0.5499999999999999,0.4763433249067052,0.06080950842111654,101
210,0.0952540397644043,0.0004718767025804159,0.03478574752807617,9.255837917472805e-05,10,ovo,10,auto,rbf,"{'C': 10, 'decision_function_shape': 'ovo', 'degree': 10, 'gamma': 'auto', 'kernel': 'rbf'}",0.3943661971830986,0.5384615384615385,0.42666666666666664,0.47222222222222227,0.5499999999999999,0.4763433249067052,0.06080950842111654,101
218,0.09620575904846192,0.0003201767971696717,0.03528752326965332,0.0003624962555753682,10,ovo,20,auto,rbf,"{'C': 10, 'decision_function_shape': 'ovo', 'degree': 20, 'gamma': 'auto', 'kernel': 'rbf'}",0.3943661971830986,0.5384615384615385,0.42666666666666664,0.47222222222222227,0.5499999999999999,0.4763433249067052,0.06080950842111654,101
282,0.0950284481048584,0.0005209804038129886,0.0348811149597168,6.774562293402435e-05,50,ovo,20,auto,rbf,"{'C': 50, 'decision_function_shape': 'ovo', 'degree': 20, 'gamma': 'auto', 'kernel': 'rbf'}",0.3943661971830986,0.5384615384615385,0.42666666666666664,0.47222222222222227,0.5499999999999999,0.4763433249067052,0.06080950842111654,101
258,0.09618930816650391,0.0011670447797763144,0.03507266044616699,0.0003958271922682029,50,ovo,3,auto,rbf,"{'C': 50, 'decision_function_shape': 'ovo', 'degree': 3, 'gamma': 'auto', 'kernel': 'rbf'}",0.3943661971830986,0.5384615384615385,0.42666666666666664,0.47222222222222227,0.5499999999999999,0.4763433249067052,0.06080950842111654,101
226,0.09616479873657227,0.0014481896866250384,0.035085105895996095,0.00030551547278014453,10,ovr,3,auto,rbf,"{'C': 10, 'decision_function_shape': 'ovr', 'degree': 3, 'gamma': 'auto', 'kernel': 'rbf'}",0.3943661971830986,0.5384615384615385,0.42666666666666664,0.47222222222222227,0.5499999999999999,0.4763433249067052,0.06080950842111654,101
250,0.09597163200378418,0.001307868740206385,0.035018110275268556,0.0003217828645602496,10,ovr,20,auto,rbf,"{'C': 10, 'decision_function_shape': 'ovr', 'degree': 20, 'gamma': 'auto', 'kernel': 'rbf'}",0.3943661971830986,0.5384615384615385,0.42666666666666664,0.47222222222222227,0.5499999999999999,0.4763433249067052,0.06080950842111654,101
306,0.09926495552062989,0.0011957570278565842,0.036197328567504884,0.0004090552946452793,50,ovr,10,auto,rbf,"{'C': 50, 'decision_function_shape': 'ovr', 'degree': 10, 'gamma': 'auto', 'kernel': 'rbf'}",0.3943661971830986,0.5384615384615385,0.42666666666666664,0.47222222222222227,0.5499999999999999,0.4763433249067052,0.06080950842111654,101
202,0.0964468002319336,0.0016556413988544354,0.0352083683013916,0.0003777915714978632,10,ovo,5,auto,rbf,"{'C': 10, 'decision_function_shape': 'ovo', 'degree': 5, 'gamma': 'auto', 'kernel': 'rbf'}",0.3943661971830986,0.5384615384615385,0.42666666666666664,0.47222222222222227,0.5499999999999999,0.4763433249067052,0.06080950842111654,101
298,0.09493279457092285,9.652001549851156e-05,0.034675312042236325,0.00011595562046553611,50,ovr,5,auto,rbf,"{'C': 50, 'decision_function_shape': 'ovr', 'degree': 5, 'gamma': 'auto', 'kernel': 'rbf'}",0.3943661971830986,0.5384615384615385,0.42666666666666664,0.47222222222222227,0.5499999999999999,0.4763433249067052,0.06080950842111654,101
314,0.09733729362487793,0.0010352082584026742,0.03579535484313965,0.00030806838012515785,50,ovr,20,auto,rbf,"{'C': 50, 'decision_function_shape': 'ovr', 'degree': 20, 'gamma': 'auto', 'kernel': 'rbf'}",0.3943661971830986,0.5384615384615385,0.42666666666666664,0.47222222222222227,0.5499999999999999,0.4763433249067052,0.06080950842111654,101
274,0.09568967819213867,0.0005556014939576367,0.03505043983459473,0.00027595005111014174,50,ovo,10,auto,rbf,"{'C': 50, 'decision_function_shape': 'ovo', 'degree': 10, 'gamma': 'auto', 'kernel': 'rbf'}",0.3943661971830986,0.5384615384615385,0.42666666666666664,0.47222222222222227,0.5499999999999999,0.4763433249067052,0.06080950842111654,101
130,0.09469618797302246,0.00032426941332222727,0.03484659194946289,0.0002027186913209978,1,ovo,3,auto,rbf,"{'C': 1, 'decision_function_shape': 'ovo', 'degree': 3, 'gamma': 'auto', 'kernel': 'rbf'}",0.36619718309859156,0.4533333333333334,0.37837837837837845,0.4,0.5897435897435898,0.43753049691077867,0.0817490162061869,117
186,0.09487833976745605,0.00040795765658217597,0.034732818603515625,0.00012000732333113734,1,ovr,20,auto,rbf,"{'C': 1, 'decision_function_shape': 'ovr', 'degree': 20, 'gamma': 'auto', 'kernel': 'rbf'}",0.36619718309859156,0.4533333333333334,0.37837837837837845,0.4,0.5897435897435898,0.43753049691077867,0.0817490162061869,117
138,0.09530835151672364,0.0006501923627321318,0.03512563705444336,0.00047480351231825356,1,ovo,5,auto,rbf,"{'C': 1, 'decision_function_shape': 'ovo', 'degree': 5, 'gamma': 'auto', 'kernel': 'rbf'}",0.36619718309859156,0.4533333333333334,0.37837837837837845,0.4,0.5897435897435898,0.43753049691077867,0.0817490162061869,117
146,0.09462389945983887,0.0004897231506464463,0.03478116989135742,0.0001017072979644866,1,ovo,10,auto,rbf,"{'C': 1, 'decision_function_shape': 'ovo', 'degree': 10, 'gamma': 'auto', 'kernel': 'rbf'}",0.36619718309859156,0.4533333333333334,0.37837837837837845,0.4,0.5897435897435898,0.43753049691077867,0.0817490162061869,117
162,0.09428796768188477,0.00025275259932271295,0.034642362594604494,5.246782066892836e-05,1,ovr,3,auto,rbf,"{'C': 1, 'decision_function_shape': 'ovr', 'degree': 3, 'gamma': 'auto', 'kernel': 'rbf'}",0.36619718309859156,0.4533333333333334,0.37837837837837845,0.4,0.5897435897435898,0.43753049691077867,0.0817490162061869,117
154,0.09604568481445312,0.0019238283700276446,0.035233354568481444,0.0005622952569237067,1,ovo,20,auto,rbf,"{'C': 1, 'decision_function_shape': 'ovo', 'degree': 20, 'gamma': 'auto', 'kernel': 'rbf'}",0.36619718309859156,0.4533333333333334,0.37837837837837845,0.4,0.5897435897435898,0.43753049691077867,0.0817490162061869,117
170,0.09625592231750488,0.000792781027202169,0.03488912582397461,0.0003334442023424116,1,ovr,5,auto,rbf,"{'C': 1, 'decision_function_shape': 'ovr', 'degree': 5, 'gamma': 'auto', 'kernel': 'rbf'}",0.36619718309859156,0.4533333333333334,0.37837837837837845,0.4,0.5897435897435898,0.43753049691077867,0.0817490162061869,117
178,0.09606943130493165,0.0018343675813495594,0.03540363311767578,0.0008578016807611534,1,ovr,10,auto,rbf,"{'C': 1, 'decision_function_shape': 'ovr', 'degree': 10, 'gamma': 'auto', 'kernel': 'rbf'}",0.36619718309859156,0.4533333333333334,0.37837837837837845,0.4,0.5897435897435898,0.43753049691077867,0.0817490162061869,117
74,0.09414205551147461,0.00026541711424766916,0.034769868850708006,0.00012001221146728956,0.5,ovo,5,auto,rbf,"{'C': 0.5, 'decision_function_shape': 'ovo', 'degree': 5, 'gamma': 'auto', 'kernel': 'rbf'}",0.20338983050847456,0.21052631578947367,0.21875,0.2622950819672131,0.3,0.2389922456530323,0.03674930722325425,125
66,0.0941399097442627,0.0002585878104870651,0.03483948707580566,8.519861820539103e-05,0.5,ovo,3,auto,rbf,"{'C': 0.5, 'decision_function_shape': 'ovo', 'degree': 3, 'gamma': 'auto', 'kernel': 'rbf'}",0.20338983050847456,0.21052631578947367,0.21875,0.2622950819672131,0.3,0.2389922456530323,0.03674930722325425,125
106,0.09449338912963867,0.00043909883125047244,0.03480339050292969,0.0001149515838217052,0.5,ovr,5,auto,rbf,"{'C': 0.5, 'decision_function_shape': 'ovr', 'degree': 5, 'gamma': 'auto', 'kernel': 'rbf'}",0.20338983050847456,0.21052631578947367,0.21875,0.2622950819672131,0.3,0.2389922456530323,0.03674930722325425,125
98,0.09431653022766114,0.00035944146292332863,0.03478326797485352,0.00010121834386486938,0.5,ovr,3,auto,rbf,"{'C': 0.5, 'decision_function_shape': 'ovr', 'degree': 3, 'gamma': 'auto', 'kernel': 'rbf'}",0.20338983050847456,0.21052631578947367,0.21875,0.2622950819672131,0.3,0.2389922456530323,0.03674930722325425,125
122,0.0936997413635254,0.00027358393886940836,0.03473615646362305,7.091275585866104e-05,0.5,ovr,20,auto,rbf,"{'C': 0.5, 'decision_function_shape': 'ovr', 'degree': 20, 'gamma': 'auto', 'kernel': 'rbf'}",0.20338983050847456,0.21052631578947367,0.21875,0.2622950819672131,0.3,0.2389922456530323,0.03674930722325425,125
114,0.09374160766601562,0.00033254868873235094,0.03469052314758301,8.866691755525836e-05,0.5,ovr,10,auto,rbf,"{'C': 0.5, 'decision_function_shape': 'ovr', 'degree': 10, 'gamma': 'auto', 'kernel': 'rbf'}",0.20338983050847456,0.21052631578947367,0.21875,0.2622950819672131,0.3,0.2389922456530323,0.03674930722325425,125
90,0.09561185836791992,0.0018861667368727034,0.03541488647460937,0.0009632889602810278,0.5,ovo,20,auto,rbf,"{'C': 0.5, 'decision_function_shape': 'ovo', 'degree': 20, 'gamma': 'auto', 'kernel': 'rbf'}",0.20338983050847456,0.21052631578947367,0.21875,0.2622950819672131,0.3,0.2389922456530323,0.03674930722325425,125
82,0.09523539543151856,0.0013543626915673128,0.03522014617919922,0.000540583621765737,0.5,ovo,10,auto,rbf,"{'C': 0.5, 'decision_function_shape': 'ovo', 'degree': 10, 'gamma': 'auto', 'kernel': 'rbf'}",0.20338983050847456,0.21052631578947367,0.21875,0.2622950819672131,0.3,0.2389922456530323,0.03674930722325425,125
215,0.07662339210510254,0.0003417673707578794,0.019057369232177733,6.955035703193782e-05,10,ovo,10,scale,sigmoid,"{'C': 10, 'decision_function_shape': 'ovo', 'degree': 10, 'gamma': 'scale', 'kernel': 'sigmoid'}",0.0,0.0,0.0,0.0,0.0,0.0,0.0,133
214,0.0771629810333252,0.0007395317894197291,0.028440046310424804,0.00015733837257186816,10,ovo,10,scale,rbf,"{'C': 10, 'decision_function_shape': 'ovo', 'degree': 10, 'gamma': 'scale', 'kernel': 'rbf'}",0.0,0.0,0.0,0.0,0.0,0.0,0.0,133
213,0.07724180221557617,0.0011782199012857627,0.019017457962036133,0.00017481288550625753,10,ovo,10,scale,poly,"{'C': 10, 'decision_function_shape': 'ovo', 'degree': 10, 'gamma': 'scale', 'kernel': 'poly'}",0.0,0.0,0.0,0.0,0.0,0.0,0.0,133
303,0.07657837867736816,0.0004178154007312869,0.01904926300048828,9.721043272277493e-05,50,ovr,5,scale,sigmoid,"{'C': 50, 'decision_function_shape': 'ovr', 'degree': 5, 'gamma': 'scale', 'kernel': 'sigmoid'}",0.0,0.0,0.0,0.0,0.0,0.0,0.0,133
310,0.08088703155517578,0.0003303328570309692,0.029679489135742188,0.0003252893274409828,50,ovr,10,scale,rbf,"{'C': 50, 'decision_function_shape': 'ovr', 'degree': 10, 'gamma': 'scale', 'kernel': 'rbf'}",0.0,0.0,0.0,0.0,0.0,0.0,0.0,133
211,0.07436199188232422,0.0001736303759695656,0.018826055526733398,0.00014980607155017667,10,ovo,10,auto,sigmoid,"{'C': 10, 'decision_function_shape': 'ovo', 'degree': 10, 'gamma': 'auto', 'kernel': 'sigmoid'}",0.0,0.0,0.0,0.0,0.0,0.0,0.0,133
309,0.0799248218536377,0.0011885052386765608,0.019907808303833006,0.0005433210848833734,50,ovr,10,scale,poly,"{'C': 50, 'decision_function_shape': 'ovr', 'degree': 10, 'gamma': 'scale', 'kernel': 'poly'}",0.0,0.0,0.0,0.0,0.0,0.0,0.0,133
207,0.07773900032043457,0.0014387250104138684,0.019368982315063475,0.00025468486402808023,10,ovo,5,scale,sigmoid,"{'C': 10, 'decision_function_shape': 'ovo', 'degree': 5, 'gamma': 'scale', 'kernel': 'sigmoid'}",0.0,0.0,0.0,0.0,0.0,0.0,0.0,133
206,0.07709980010986328,0.0009533285467844456,0.02844700813293457,7.57052538144666e-05,10,ovo,5,scale,rbf,"{'C': 10, 'decision_function_shape': 'ovo', 'degree': 5, 'gamma': 'scale', 'kernel': 'rbf'}",0.0,0.0,0.0,0.0,0.0,0.0,0.0,133
205,0.07625780105590821,0.0007539143454756023,0.018932867050170898,0.00013904610779004383,10,ovo,5,scale,poly,"{'C': 10, 'decision_function_shape': 'ovo', 'degree': 5, 'gamma': 'scale', 'kernel': 'poly'}",0.0,0.0,0.0,0.0,0.0,0.0,0.0,133
311,0.07752180099487305,0.0012120717993463694,0.019248771667480468,0.0001499952201503508,50,ovr,10,scale,sigmoid,"{'C': 50, 'decision_function_shape': 'ovr', 'degree': 10, 'gamma': 'scale', 'kernel': 'sigmoid'}",0.0,0.0,0.0,0.0,0.0,0.0,0.0,133
203,0.07606821060180664,0.001095013063217029,0.0191070556640625,0.00047171546737885723,10,ovo,5,auto,sigmoid,"{'C': 10, 'decision_function_shape': 'ovo', 'degree': 5, 'gamma': 'auto', 'kernel': 'sigmoid'}",0.0,0.0,0.0,0.0,0.0,0.0,0.0,133
315,0.07613286972045899,0.0007756675418915503,0.019101333618164063,0.00011250067084517238,50,ovr,20,auto,sigmoid,"{'C': 50, 'decision_function_shape': 'ovr', 'degree': 20, 'gamma': 'auto', 'kernel': 'sigmoid'}",0.0,0.0,0.0,0.0,0.0,0.0,0.0,133
199,0.07771391868591308,0.001571322865714604,0.01944456100463867,0.00044000838573260746,10,ovo,3,scale,sigmoid,"{'C': 10, 'decision_function_shape': 'ovo', 'degree': 3, 'gamma': 'scale', 'kernel': 'sigmoid'}",0.0,0.0,0.0,0.0,0.0,0.0,0.0,133
198,0.07828283309936523,0.0008977994053085665,0.029088497161865234,0.0005256323092946852,10,ovo,3,scale,rbf,"{'C': 10, 'decision_function_shape': 'ovo', 'degree': 3, 'gamma': 'scale', 'kernel': 'rbf'}",0.0,0.0,0.0,0.0,0.0,0.0,0.0,133
197,0.07435417175292969,0.0004060297661819802,0.018580198287963867,8.818974007997458e-05,10,ovo,3,scale,poly,"{'C': 10, 'decision_function_shape': 'ovo', 'degree': 3, 'gamma': 'scale', 'kernel': 'poly'}",0.0,0.0,0.0,0.0,0.0,0.0,0.0,133
317,0.07860245704650878,0.0011773831873343613,0.019027185440063477,0.0002799599198939023,50,ovr,20,scale,poly,"{'C': 50, 'decision_function_shape': 'ovr', 'degree': 20, 'gamma': 'scale', 'kernel': 'poly'}",0.0,0.0,0.0,0.0,0.0,0.0,0.0,133
195,0.07469253540039063,0.00099033777079478,0.01895899772644043,0.00018390165766359027,10,ovo,3,auto,sigmoid,"{'C': 10, 'decision_function_shape': 'ovo', 'degree': 3, 'gamma': 'auto', 'kernel': 'sigmoid'}",0.0,0.0,0.0,0.0,0.0,0.0,0.0,133
307,0.0770596981048584,0.0008677247825403784,0.019362878799438477,8.907688243454095e-05,50,ovr,10,auto,sigmoid,"{'C': 50, 'decision_function_shape': 'ovr', 'degree': 10, 'gamma': 'auto', 'kernel': 'sigmoid'}",0.0,0.0,0.0,0.0,0.0,0.0,0.0,133
302,0.07875962257385254,0.0005169543662649332,0.02909541130065918,0.00013960730142289593,50,ovr,5,scale,rbf,"{'C': 50, 'decision_function_shape': 'ovr', 'degree': 5, 'gamma': 'scale', 'kernel': 'rbf'}",0.0,0.0,0.0,0.0,0.0,0.0,0.0,133
267,0.07563581466674804,0.0014294268994779384,0.01935296058654785,0.001038657939140078,50,ovo,5,auto,sigmoid,"{'C': 50, 'decision_function_shape': 'ovo', 'degree': 5, 'gamma': 'auto', 'kernel': 'sigmoid'}",0.0,0.0,0.0,0.0,0.0,0.0,0.0,133
301,0.07675714492797851,0.0011618181481405797,0.01903676986694336,0.00010825369263776513,50,ovr,5,scale,poly,"{'C': 50, 'decision_function_shape': 'ovr', 'degree': 5, 'gamma': 'scale', 'kernel': 'poly'}",0.0,0.0,0.0,0.0,0.0,0.0,0.0,133
283,0.07411456108093262,0.0002102392821259388,0.01868610382080078,6.754401291463837e-05,50,ovo,20,auto,sigmoid,"{'C': 50, 'decision_function_shape': 'ovo', 'degree': 20, 'gamma': 'auto', 'kernel': 'sigmoid'}",0.0,0.0,0.0,0.0,0.0,0.0,0.0,133
247,0.07680144309997558,0.0005907118608850402,0.019062137603759764,0.00010083979685782712,10,ovr,10,scale,sigmoid,"{'C': 10, 'decision_function_shape': 'ovr', 'degree': 10, 'gamma': 'scale', 'kernel': 'sigmoid'}",0.0,0.0,0.0,0.0,0.0,0.0,0.0,133
251,0.07436141967773438,0.00031182866494093787,0.018787193298339843,6.227361844181376e-05,10,ovr,20,auto,sigmoid,"{'C': 10, 'decision_function_shape': 'ovr', 'degree': 20, 'gamma': 'auto', 'kernel': 'sigmoid'}",0.0,0.0,0.0,0.0,0.0,0.0,0.0,133
279,0.07630486488342285,0.0002140748937588541,0.019023799896240236,6.506383178508402e-05,50,ovo,10,scale,sigmoid,"{'C': 50, 'decision_function_shape': 'ovo', 'degree': 10, 'gamma': 'scale', 'kernel': 'sigmoid'}",0.0,0.0,0.0,0.0,0.0,0.0,0.0,133
278,0.07843613624572754,0.0001438487388087117,0.028955936431884766,0.00016279139571611251,50,ovo,10,scale,rbf,"{'C': 50, 'decision_function_shape': 'ovo', 'degree': 10, 'gamma': 'scale', 'kernel': 'rbf'}",0.0,0.0,0.0,0.0,0.0,0.0,0.0,133
253,0.0796128273010254,0.0011807112627193748,0.019349145889282226,0.00034513783143871586,10,ovr,20,scale,poly,"{'C': 10, 'decision_function_shape': 'ovr', 'degree': 20, 'gamma': 'scale', 'kernel': 'poly'}",0.0,0.0,0.0,0.0,0.0,0.0,0.0,133
254,0.07924418449401856,0.00042834078881594565,0.029010009765625,0.00019238718308573898,10,ovr,20,scale,rbf,"{'C': 10, 'decision_function_shape': 'ovr', 'degree': 20, 'gamma': 'scale', 'kernel': 'rbf'}",0.0,0.0,0.0,0.0,0.0,0.0,0.0,133
277,0.07884125709533692,0.0011728939070669942,0.019792604446411132,0.0009017194330062712,50,ovo,10,scale,poly,"{'C': 50, 'decision_function_shape': 'ovo', 'degree': 10, 'gamma': 'scale', 'kernel': 'poly'}",0.0,0.0,0.0,0.0,0.0,0.0,0.0,133
255,0.07855377197265626,0.0012450759091383607,0.019400835037231445,0.00018801538586285773,10,ovr,20,scale,sigmoid,"{'C': 10, 'decision_function_shape': 'ovr', 'degree': 20, 'gamma': 'scale', 'kernel': 'sigmoid'}",0.0,0.0,0.0,0.0,0.0,0.0,0.0,133
275,0.07446484565734864,0.0004285950577837358,0.018788909912109374,0.00022742161266830994,50,ovo,10,auto,sigmoid,"{'C': 50, 'decision_function_shape': 'ovo', 'degree': 10, 'gamma': 'auto', 'kernel': 'sigmoid'}",0.0,0.0,0.0,0.0,0.0,0.0,0.0,133
259,0.07513842582702637,0.0007482857955817442,0.018976736068725585,0.00034733524949015493,50,ovo,3,auto,sigmoid,"{'C': 50, 'decision_function_shape': 'ovo', 'degree': 3, 'gamma': 'auto', 'kernel': 'sigmoid'}",0.0,0.0,0.0,0.0,0.0,0.0,0.0,133
261,0.07924699783325195,0.0005576196808488376,0.020354557037353515,0.0005635937532210489,50,ovo,3,scale,poly,"{'C': 50, 'decision_function_shape': 'ovo', 'degree': 3, 'gamma': 'scale', 'kernel': 'poly'}",0.0,0.0,0.0,0.0,0.0,0.0,0.0,133
262,0.08197927474975586,0.0009565357315694018,0.030298948287963867,0.000566622427004001,50,ovo,3,scale,rbf,"{'C': 50, 'decision_function_shape': 'ovo', 'degree': 3, 'gamma': 'scale', 'kernel': 'rbf'}",0.0,0.0,0.0,0.0,0.0,0.0,0.0,133
263,0.07920122146606445,0.000652997525216816,0.020131587982177734,0.00023842620837402734,50,ovo,3,scale,sigmoid,"{'C': 50, 'decision_function_shape': 'ovo', 'degree': 3, 'gamma': 'scale', 'kernel': 'sigmoid'}",0.0,0.0,0.0,0.0,0.0,0.0,0.0,133
271,0.07732610702514649,0.0007677313315305307,0.019559907913208007,0.0002457711599576012,50,ovo,5,scale,sigmoid,"{'C': 50, 'decision_function_shape': 'ovo', 'degree': 5, 'gamma': 'scale', 'kernel': 'sigmoid'}",0.0,0.0,0.0,0.0,0.0,0.0,0.0,133
270,0.08165435791015625,0.000819419876281122,0.029972028732299805,0.0001639730186720276,50,ovo,5,scale,rbf,"{'C': 50, 'decision_function_shape': 'ovo', 'degree': 5, 'gamma': 'scale', 'kernel': 'rbf'}",0.0,0.0,0.0,0.0,0.0,0.0,0.0,133
269,0.07870373725891114,0.0021410310271292683,0.019823312759399414,0.00044941258362628716,50,ovo,5,scale,poly,"{'C': 50, 'decision_function_shape': 'ovo', 'degree': 5, 'gamma': 'scale', 'kernel': 'poly'}",0.0,0.0,0.0,0.0,0.0,0.0,0.0,133
246,0.07986721992492676,0.0006419022108569691,0.02913818359375,0.0003742019998539534,10,ovr,10,scale,rbf,"{'C': 10, 'decision_function_shape': 'ovr', 'degree': 10, 'gamma': 'scale', 'kernel': 'rbf'}",0.0,0.0,0.0,0.0,0.0,0.0,0.0,133
219,0.07434701919555664,0.00025864589865290226,0.01879596710205078,0.00010200749424911913,10,ovo,20,auto,sigmoid,"{'C': 10, 'decision_function_shape': 'ovo', 'degree': 20, 'gamma': 'auto', 'kernel': 'sigmoid'}",0.0,0.0,0.0,0.0,0.0,0.0,0.0,133
245,0.07665538787841797,0.0010133909724538241,0.018905782699584962,0.00029035168609745776,10,ovr,10,scale,poly,"{'C': 10, 'decision_function_shape': 'ovr', 'degree': 10, 'gamma': 'scale', 'kernel': 'poly'}",0.0,0.0,0.0,0.0,0.0,0.0,0.0,133
243,0.07496843338012696,0.0009052505808756769,0.018864011764526366,0.00014637787058959192,10,ovr,10,auto,sigmoid,"{'C': 10, 'decision_function_shape': 'ovr', 'degree': 10, 'gamma': 'auto', 'kernel': 'sigmoid'}",0.0,0.0,0.0,0.0,0.0,0.0,0.0,133
221,0.07820706367492676,0.0005331321642303291,0.019020795822143555,0.00021465845670593875,10,ovo,20,scale,poly,"{'C': 10, 'decision_function_shape': 'ovo', 'degree': 20, 'gamma': 'scale', 'kernel': 'poly'}",0.0,0.0,0.0,0.0,0.0,0.0,0.0,133
222,0.07686839103698731,0.00029409090129826215,0.028403711318969727,8.134182258146724e-05,10,ovo,20,scale,rbf,"{'C': 10, 'decision_function_shape': 'ovo', 'degree': 20, 'gamma': 'scale', 'kernel': 'rbf'}",0.0,0.0,0.0,0.0,0.0,0.0,0.0,133
223,0.0764650821685791,0.00011755708146066294,0.019078874588012697,0.00010439963822556846,10,ovo,20,scale,sigmoid,"{'C': 10, 'decision_function_shape': 'ovo', 'degree': 20, 'gamma': 'scale', 'kernel': 'sigmoid'}",0.0,0.0,0.0,0.0,0.0,0.0,0.0,133
299,0.07408924102783203,0.00014859055348920945,0.018681812286376952,8.070817894764278e-05,50,ovr,5,auto,sigmoid,"{'C': 50, 'decision_function_shape': 'ovr', 'degree': 5, 'gamma': 'auto', 'kernel': 'sigmoid'}",0.0,0.0,0.0,0.0,0.0,0.0,0.0,133
227,0.07446660995483398,0.00018354487347139198,0.01877145767211914,5.2377127055994486e-05,10,ovr,3,auto,sigmoid,"{'C': 10, 'decision_function_shape': 'ovr', 'degree': 3, 'gamma': 'auto', 'kernel': 'sigmoid'}",0.0,0.0,0.0,0.0,0.0,0.0,0.0,133
295,0.07635788917541504,0.00017870069096832022,0.019016742706298828,6.330666535284809e-05,50,ovr,3,scale,sigmoid,"{'C': 50, 'decision_function_shape': 'ovr', 'degree': 3, 'gamma': 'scale', 'kernel': 'sigmoid'}",0.0,0.0,0.0,0.0,0.0,0.0,0.0,133
294,0.07872514724731446,0.0002277948676086448,0.029004526138305665,0.0001524888700819426,50,ovr,3,scale,rbf,"{'C': 50, 'decision_function_shape': 'ovr', 'degree': 3, 'gamma': 'scale', 'kernel': 'rbf'}",0.0,0.0,0.0,0.0,0.0,0.0,0.0,133
229,0.07455620765686036,0.0007202193109274784,0.018729496002197265,0.00028171971104075594,10,ovr,3,scale,poly,"{'C': 10, 'decision_function_shape': 'ovr', 'degree': 3, 'gamma': 'scale', 'kernel': 'poly'}",0.0,0.0,0.0,0.0,0.0,0.0,0.0,133
230,0.07840862274169921,0.001029986756653211,0.028801441192626953,0.00026449951283169575,10,ovr,3,scale,rbf,"{'C': 10, 'decision_function_shape': 'ovr', 'degree': 3, 'gamma': 'scale', 'kernel': 'rbf'}",0.0,0.0,0.0,0.0,0.0,0.0,0.0,133
293,0.0764237403869629,0.001144460315356626,0.01909036636352539,0.0001370910893309832,50,ovr,3,scale,poly,"{'C': 50, 'decision_function_shape': 'ovr', 'degree': 3, 'gamma': 'scale', 'kernel': 'poly'}",0.0,0.0,0.0,0.0,0.0,0.0,0.0,133
291,0.07406859397888184,0.0002166714361593838,0.01868915557861328,5.996878969637356e-05,50,ovr,3,auto,sigmoid,"{'C': 50, 'decision_function_shape': 'ovr', 'degree': 3, 'gamma': 'auto', 'kernel': 'sigmoid'}",0.0,0.0,0.0,0.0,0.0,0.0,0.0,133
235,0.07501363754272461,0.0003162842215211702,0.019057655334472658,0.0004570729438635713,10,ovr,5,auto,sigmoid,"{'C': 10, 'decision_function_shape': 'ovr', 'degree': 5, 'gamma': 'auto', 'kernel': 'sigmoid'}",0.0,0.0,0.0,0.0,0.0,0.0,0.0,133
237,0.07487502098083496,0.000614733807667166,0.01865239143371582,5.57549684859726e-05,10,ovr,5,scale,poly,"{'C': 10, 'decision_function_shape': 'ovr', 'degree': 5, 'gamma': 'scale', 'kernel': 'poly'}",0.0,0.0,0.0,0.0,0.0,0.0,0.0,133
238,0.0767430305480957,0.00017245207253001853,0.028325557708740234,9.837313524487742e-05,10,ovr,5,scale,rbf,"{'C': 10, 'decision_function_shape': 'ovr', 'degree': 5, 'gamma': 'scale', 'kernel': 'rbf'}",0.0,0.0,0.0,0.0,0.0,0.0,0.0,133
239,0.07666544914245606,0.0010659126941934681,0.019360685348510744,0.0006560429286512073,10,ovr,5,scale,sigmoid,"{'C': 10, 'decision_function_shape': 'ovr', 'degree': 5, 'gamma': 'scale', 'kernel': 'sigmoid'}",0.0,0.0,0.0,0.0,0.0,0.0,0.0,133
287,0.07643780708312989,0.0002584768642532248,0.01904916763305664,8.80520839287957e-05,50,ovo,20,scale,sigmoid,"{'C': 50, 'decision_function_shape': 'ovo', 'degree': 20, 'gamma': 'scale', 'kernel': 'sigmoid'}",0.0,0.0,0.0,0.0,0.0,0.0,0.0,133
286,0.07838225364685059,0.0002892510473505543,0.028980350494384764,0.00014434858683988136,50,ovo,20,scale,rbf,"{'C': 50, 'decision_function_shape': 'ovo', 'degree': 20, 'gamma': 'scale', 'kernel': 'rbf'}",0.0,0.0,0.0,0.0,0.0,0.0,0.0,133
285,0.07767925262451172,0.0010440892074561091,0.018902015686035157,0.0003046040618572539,50,ovo,20,scale,poly,"{'C': 50, 'decision_function_shape': 'ovo', 'degree': 20, 'gamma': 'scale', 'kernel': 'poly'}",0.0,0.0,0.0,0.0,0.0,0.0,0.0,133
231,0.07781352996826171,0.0008724012094226648,0.019432830810546874,0.0002788769553675473,10,ovr,3,scale,sigmoid,"{'C': 10, 'decision_function_shape': 'ovr', 'degree': 3, 'gamma': 'scale', 'kernel': 'sigmoid'}",0.0,0.0,0.0,0.0,0.0,0.0,0.0,133
159,0.07595257759094239,0.00022416689418462566,0.019124984741210938,8.278708813285922e-05,1,ovo,20,scale,sigmoid,"{'C': 1, 'decision_function_shape': 'ovo', 'degree': 20, 'gamma': 'scale', 'kernel': 'sigmoid'}",0.0,0.0,0.0,0.0,0.0,0.0,0.0,133
190,0.07646822929382324,0.00016313413868943925,0.028309202194213866,0.00011522073101108925,1,ovr,20,scale,rbf,"{'C': 1, 'decision_function_shape': 'ovr', 'degree': 20, 'gamma': 'scale', 'kernel': 'rbf'}",0.0,0.0,0.0,0.0,0.0,0.0,0.0,133
47,0.07870206832885743,0.0009295271176505441,0.019984674453735352,0.0006177908809654819,0.1,ovr,5,scale,sigmoid,"{'C': 0.1, 'decision_function_shape': 'ovr', 'degree': 5, 'gamma': 'scale', 'kernel': 'sigmoid'}",0.0,0.0,0.0,0.0,0.0,0.0,0.0,133
50,0.09600706100463867,0.0024343511195772985,0.03594846725463867,0.0007228682787800279,0.1,ovr,10,auto,rbf,"{'C': 0.1, 'decision_function_shape': 'ovr', 'degree': 10, 'gamma': 'auto', 'kernel': 'rbf'}",0.0,0.0,0.0,0.0,0.0,0.0,0.0,133
51,0.07716526985168456,0.00122150306084209,0.019502687454223632,0.00024671737963655036,0.1,ovr,10,auto,sigmoid,"{'C': 0.1, 'decision_function_shape': 'ovr', 'degree': 10, 'gamma': 'auto', 'kernel': 'sigmoid'}",0.0,0.0,0.0,0.0,0.0,0.0,0.0,133
53,0.07568888664245606,0.0005288393969997061,0.01897087097167969,0.0003020994882061606,0.1,ovr,10,scale,poly,"{'C': 0.1, 'decision_function_shape': 'ovr', 'degree': 10, 'gamma': 'scale', 'kernel': 'poly'}",0.0,0.0,0.0,0.0,0.0,0.0,0.0,133
54,0.07669582366943359,0.0007137196194512212,0.028487205505371094,0.0001568372432037113,0.1,ovr,10,scale,rbf,"{'C': 0.1, 'decision_function_shape': 'ovr', 'degree': 10, 'gamma': 'scale', 'kernel': 'rbf'}",0.0,0.0,0.0,0.0,0.0,0.0,0.0,133
55,0.07787942886352539,0.0003211997537806358,0.019508552551269532,0.00012615162979419647,0.1,ovr,10,scale,sigmoid,"{'C': 0.1, 'decision_function_shape': 'ovr', 'degree': 10, 'gamma': 'scale', 'kernel': 'sigmoid'}",0.0,0.0,0.0,0.0,0.0,0.0,0.0,133
58,0.09534687995910644,0.0006078462367822959,0.03539466857910156,0.00022162542679809012,0.1,ovr,20,auto,rbf,"{'C': 0.1, 'decision_function_shape': 'ovr', 'degree': 20, 'gamma': 'auto', 'kernel': 'rbf'}",0.0,0.0,0.0,0.0,0.0,0.0,0.0,133
59,0.07803497314453126,0.0007496038100347023,0.019836044311523436,0.0005778331216687028,0.1,ovr,20,auto,sigmoid,"{'C': 0.1, 'decision_function_shape': 'ovr', 'degree': 20, 'gamma': 'auto', 'kernel': 'sigmoid'}",0.0,0.0,0.0,0.0,0.0,0.0,0.0,133
61,0.07576866149902343,0.0008116287893935613,0.01900768280029297,0.0002151559852226513,0.1,ovr,20,scale,poly,"{'C': 0.1, 'decision_function_shape': 'ovr', 'degree': 20, 'gamma': 'scale', 'kernel': 'poly'}",0.0,0.0,0.0,0.0,0.0,0.0,0.0,133
62,0.07720441818237304,0.0005473727619619165,0.029023408889770508,0.0005740344868183883,0.1,ovr,20,scale,rbf,"{'C': 0.1, 'decision_function_shape': 'ovr', 'degree': 20, 'gamma': 'scale', 'kernel': 'rbf'}",0.0,0.0,0.0,0.0,0.0,0.0,0.0,133
63,0.07710275650024415,0.0010076792607043707,0.01922779083251953,0.00032791330376676255,0.1,ovr,20,scale,sigmoid,"{'C': 0.1, 'decision_function_shape': 'ovr', 'degree': 20, 'gamma': 'scale', 'kernel': 'sigmoid'}",0.0,0.0,0.0,0.0,0.0,0.0,0.0,133
67,0.07470154762268066,0.0008455859553978246,0.01882038116455078,0.00018709115314002417,0.5,ovo,3,auto,sigmoid,"{'C': 0.5, 'decision_function_shape': 'ovo', 'degree': 3, 'gamma': 'auto', 'kernel': 'sigmoid'}",0.0,0.0,0.0,0.0,0.0,0.0,0.0,133
69,0.07402567863464356,0.00015082483686090526,0.018571090698242188,7.162284594566782e-05,0.5,ovo,3,scale,poly,"{'C': 0.5, 'decision_function_shape': 'ovo', 'degree': 3, 'gamma': 'scale', 'kernel': 'poly'}",0.0,0.0,0.0,0.0,0.0,0.0,0.0,133
70,0.07677383422851562,0.0004636909870174873,0.028364181518554688,0.00014415584627965793,0.5,ovo,3,scale,rbf,"{'C': 0.5, 'decision_function_shape': 'ovo', 'degree': 3, 'gamma': 'scale', 'kernel': 'rbf'}",0.0,0.0,0.0,0.0,0.0,0.0,0.0,133
71,0.07626471519470215,0.00016327287266152475,0.019082403182983397,6.596548770620902e-05,0.5,ovo,3,scale,sigmoid,"{'C': 0.5, 'decision_function_shape': 'ovo', 'degree': 3, 'gamma': 'scale', 'kernel': 'sigmoid'}",0.0,0.0,0.0,0.0,0.0,0.0,0.0,133
75,0.07428140640258789,0.0002011676113600716,0.018743181228637697,7.225894071460136e-05,0.5,ovo,5,auto,sigmoid,"{'C': 0.5, 'decision_function_shape': 'ovo', 'degree': 5, 'gamma': 'auto', 'kernel': 'sigmoid'}",0.0,0.0,0.0,0.0,0.0,0.0,0.0,133
77,0.07390284538269043,0.00021413290962774405,0.018547201156616212,5.8980072717500296e-05,0.5,ovo,5,scale,poly,"{'C': 0.5, 'decision_function_shape': 'ovo', 'degree': 5, 'gamma': 'scale', 'kernel': 'poly'}",0.0,0.0,0.0,0.0,0.0,0.0,0.0,133
78,0.07709989547729493,0.0006958217961448506,0.028793191909790038,0.0004205050223043706,0.5,ovo,5,scale,rbf,"{'C': 0.5, 'decision_function_shape': 'ovo', 'degree': 5, 'gamma': 'scale', 'kernel': 'rbf'}",0.0,0.0,0.0,0.0,0.0,0.0,0.0,133
79,0.07677454948425293,0.000357591353777544,0.019398880004882813,0.0003083438789463053,0.5,ovo,5,scale,sigmoid,"{'C': 0.5, 'decision_function_shape': 'ovo', 'degree': 5, 'gamma': 'scale', 'kernel': 'sigmoid'}",0.0,0.0,0.0,0.0,0.0,0.0,0.0,133
83,0.07425527572631836,0.0005233125293093837,0.018754196166992188,0.000129272954461891,0.5,ovo,10,auto,sigmoid,"{'C': 0.5, 'decision_function_shape': 'ovo', 'degree': 10, 'gamma': 'auto', 'kernel': 'sigmoid'}",0.0,0.0,0.0,0.0,0.0,0.0,0.0,133
85,0.07457432746887208,0.00042575408025775674,0.01853795051574707,0.00011263125834708866,0.5,ovo,10,scale,poly,"{'C': 0.5, 'decision_function_shape': 'ovo', 'degree': 10, 'gamma': 'scale', 'kernel': 'poly'}",0.0,0.0,0.0,0.0,0.0,0.0,0.0,133
86,0.07678585052490235,0.0003445852234180594,0.028413152694702147,0.0001915452312347178,0.5,ovo,10,scale,rbf,"{'C': 0.5, 'decision_function_shape': 'ovo', 'degree': 10, 'gamma': 'scale', 'kernel': 'rbf'}",0.0,0.0,0.0,0.0,0.0,0.0,0.0,133
191,0.07611756324768067,0.00022579482607267392,0.019025564193725586,6.350067487657478e-05,1,ovr,20,scale,sigmoid,"{'C': 1, 'decision_function_shape': 'ovr', 'degree': 20, 'gamma': 'scale', 'kernel': 'sigmoid'}",0.0,0.0,0.0,0.0,0.0,0.0,0.0,133
91,0.07446503639221191,0.00033091677702246135,0.01870570182800293,9.639114250884234e-05,0.5,ovo,20,auto,sigmoid,"{'C': 0.5, 'decision_function_shape': 'ovo', 'degree': 20, 'gamma': 'auto', 'kernel': 'sigmoid'}",0.0,0.0,0.0,0.0,0.0,0.0,0.0,133
93,0.07630901336669922,0.0008817252276581066,0.018697309494018554,0.00019843166838154415,0.5,ovo,20,scale,poly,"{'C': 0.5, 'decision_function_shape': 'ovo', 'degree': 20, 'gamma': 'scale', 'kernel': 'poly'}",0.0,0.0,0.0,0.0,0.0,0.0,0.0,133
46,0.0796668529510498,0.0011523076617111733,0.029706525802612304,0.000893339767061074,0.1,ovr,5,scale,rbf,"{'C': 0.1, 'decision_function_shape': 'ovr', 'degree': 5, 'gamma': 'scale', 'kernel': 'rbf'}",0.0,0.0,0.0,0.0,0.0,0.0,0.0,133
94,0.07832145690917969,0.001890117530351113,0.028987932205200195,0.0005764837279458116,0.5,ovo,20,scale,rbf,"{'C': 0.5, 'decision_function_shape': 'ovo', 'degree': 20, 'gamma': 'scale', 'kernel': 'rbf'}",0.0,0.0,0.0,0.0,0.0,0.0,0.0,133
45,0.07462110519409179,0.0011085925817248504,0.018837738037109374,0.00029233977357037623,0.1,ovr,5,scale,poly,"{'C': 0.1, 'decision_function_shape': 'ovr', 'degree': 5, 'gamma': 'scale', 'kernel': 'poly'}",0.0,0.0,0.0,0.0,0.0,0.0,0.0,133
42,0.09658727645874024,0.0006445174983110451,0.035732364654541014,0.00041202512430630635,0.1,ovr,5,auto,rbf,"{'C': 0.1, 'decision_function_shape': 'ovr', 'degree': 5, 'gamma': 'auto', 'kernel': 'rbf'}",0.0,0.0,0.0,0.0,0.0,0.0,0.0,133
2,0.09530301094055176,0.0009073270226758865,0.03535609245300293,0.00046354380781243377,0.1,ovo,3,auto,rbf,"{'C': 0.1, 'decision_function_shape': 'ovo', 'degree': 3, 'gamma': 'auto', 'kernel': 'rbf'}",0.0,0.0,0.0,0.0,0.0,0.0,0.0,133
3,0.07564702033996581,0.001194576904557171,0.019386911392211915,0.0008140161637514973,0.1,ovo,3,auto,sigmoid,"{'C': 0.1, 'decision_function_shape': 'ovo', 'degree': 3, 'gamma': 'auto', 'kernel': 'sigmoid'}",0.0,0.0,0.0,0.0,0.0,0.0,0.0,133
5,0.0770939826965332,0.0004779793078238988,0.01953921318054199,0.00025479942462157954,0.1,ovo,3,scale,poly,"{'C': 0.1, 'decision_function_shape': 'ovo', 'degree': 3, 'gamma': 'scale', 'kernel': 'poly'}",0.0,0.0,0.0,0.0,0.0,0.0,0.0,133
6,0.07880592346191406,0.001288868637190118,0.029210281372070313,0.00039364406053467657,0.1,ovo,3,scale,rbf,"{'C': 0.1, 'decision_function_shape': 'ovo', 'degree': 3, 'gamma': 'scale', 'kernel': 'rbf'}",0.0,0.0,0.0,0.0,0.0,0.0,0.0,133
7,0.07624897956848145,0.00030772151696335337,0.01914825439453125,8.650496329652269e-05,0.1,ovo,3,scale,sigmoid,"{'C': 0.1, 'decision_function_shape': 'ovo', 'degree': 3, 'gamma': 'scale', 'kernel': 'sigmoid'}",0.0,0.0,0.0,0.0,0.0,0.0,0.0,133
10,0.09470024108886718,0.0006301538012759047,0.03506836891174316,0.00039328465623110416,0.1,ovo,5,auto,rbf,"{'C': 0.1, 'decision_function_shape': 'ovo', 'degree': 5, 'gamma': 'auto', 'kernel': 'rbf'}",0.0,0.0,0.0,0.0,0.0,0.0,0.0,133
11,0.07601785659790039,0.0018381137180903016,0.01935439109802246,0.0005883181495022246,0.1,ovo,5,auto,sigmoid,"{'C': 0.1, 'decision_function_shape': 'ovo', 'degree': 5, 'gamma': 'auto', 'kernel': 'sigmoid'}",0.0,0.0,0.0,0.0,0.0,0.0,0.0,133
13,0.07375617027282715,0.0002359713556902817,0.018503618240356446,5.738203759462223e-05,0.1,ovo,5,scale,poly,"{'C': 0.1, 'decision_function_shape': 'ovo', 'degree': 5, 'gamma': 'scale', 'kernel': 'poly'}",0.0,0.0,0.0,0.0,0.0,0.0,0.0,133
14,0.0763092041015625,0.0001835980965895259,0.028339242935180663,8.544991058682613e-05,0.1,ovo,5,scale,rbf,"{'C': 0.1, 'decision_function_shape': 'ovo', 'degree': 5, 'gamma': 'scale', 'kernel': 'rbf'}",0.0,0.0,0.0,0.0,0.0,0.0,0.0,133
15,0.07667021751403809,0.00030829435836395345,0.0191098690032959,0.00022521643414907924,0.1,ovo,5,scale,sigmoid,"{'C': 0.1, 'decision_function_shape': 'ovo', 'degree': 5, 'gamma': 'scale', 'kernel': 'sigmoid'}",0.0,0.0,0.0,0.0,0.0,0.0,0.0,133
18,0.09361186027526855,0.00023424698074849296,0.03476557731628418,0.00011415073240876011,0.1,ovo,10,auto,rbf,"{'C': 0.1, 'decision_function_shape': 'ovo', 'degree': 10, 'gamma': 'auto', 'kernel': 'rbf'}",0.0,0.0,0.0,0.0,0.0,0.0,0.0,133
19,0.07397818565368652,0.00016549492114238746,0.018675470352172853,7.240448408449796e-05,0.1,ovo,10,auto,sigmoid,"{'C': 0.1, 'decision_function_shape': 'ovo', 'degree': 10, 'gamma': 'auto', 'kernel': 'sigmoid'}",0.0,0.0,0.0,0.0,0.0,0.0,0.0,133
21,0.07380452156066894,0.00017760975047696802,0.018504858016967773,5.537288822808079e-05,0.1,ovo,10,scale,poly,"{'C': 0.1, 'decision_function_shape': 'ovo', 'degree': 10, 'gamma': 'scale', 'kernel': 'poly'}",0.0,0.0,0.0,0.0,0.0,0.0,0.0,133
22,0.07774991989135742,0.0006819621013178211,0.028793811798095703,0.00032847487559159623,0.1,ovo,10,scale,rbf,"{'C': 0.1, 'decision_function_shape': 'ovo', 'degree': 10, 'gamma': 'scale', 'kernel': 'rbf'}",0.0,0.0,0.0,0.0,0.0,0.0,0.0,133
23,0.07618803977966308,0.00021232843868886946,0.019171762466430663,9.113309971205229e-05,0.1,ovo,10,scale,sigmoid,"{'C': 0.1, 'decision_function_shape': 'ovo', 'degree': 10, 'gamma': 'scale', 'kernel': 'sigmoid'}",0.0,0.0,0.0,0.0,0.0,0.0,0.0,133
26,0.0944580078125,0.0007076544993831868,0.034964370727539065,0.0002771176139222273,0.1,ovo,20,auto,rbf,"{'C': 0.1, 'decision_function_shape': 'ovo', 'degree': 20, 'gamma': 'auto', 'kernel': 'rbf'}",0.0,0.0,0.0,0.0,0.0,0.0,0.0,133
27,0.07431674003601074,0.00037065515722829913,0.018734073638916014,4.9862348860859855e-05,0.1,ovo,20,auto,sigmoid,"{'C': 0.1, 'decision_function_shape': 'ovo', 'degree': 20, 'gamma': 'auto', 'kernel': 'sigmoid'}",0.0,0.0,0.0,0.0,0.0,0.0,0.0,133
29,0.07496166229248047,0.0006730030899390211,0.01884622573852539,0.00036295350420376615,0.1,ovo,20,scale,poly,"{'C': 0.1, 'decision_function_shape': 'ovo', 'degree': 20, 'gamma': 'scale', 'kernel': 'poly'}",0.0,0.0,0.0,0.0,0.0,0.0,0.0,133
30,0.07959122657775879,0.000861824185317548,0.029697942733764648,0.00035449378980223245,0.1,ovo,20,scale,rbf,"{'C': 0.1, 'decision_function_shape': 'ovo', 'degree': 20, 'gamma': 'scale', 'kernel': 'rbf'}",0.0,0.0,0.0,0.0,0.0,0.0,0.0,133
31,0.07915873527526855,0.0006058437320103418,0.019622230529785158,0.00018891326565942775,0.1,ovo,20,scale,sigmoid,"{'C': 0.1, 'decision_function_shape': 'ovo', 'degree': 20, 'gamma': 'scale', 'kernel': 'sigmoid'}",0.0,0.0,0.0,0.0,0.0,0.0,0.0,133
34,0.09557595252990722,0.0017928493305094855,0.03532953262329101,0.0007298341625612434,0.1,ovr,3,auto,rbf,"{'C': 0.1, 'decision_function_shape': 'ovr', 'degree': 3, 'gamma': 'auto', 'kernel': 'rbf'}",0.0,0.0,0.0,0.0,0.0,0.0,0.0,133
35,0.07768282890319825,0.0013789724555705026,0.01991443634033203,0.0006154294196486136,0.1,ovr,3,auto,sigmoid,"{'C': 0.1, 'decision_function_shape': 'ovr', 'degree': 3, 'gamma': 'auto', 'kernel': 'sigmoid'}",0.0,0.0,0.0,0.0,0.0,0.0,0.0,133
37,0.074546480178833,0.0010557968584481061,0.018937444686889647,0.00029235782509998414,0.1,ovr,3,scale,poly,"{'C': 0.1, 'decision_function_shape': 'ovr', 'degree': 3, 'gamma': 'scale', 'kernel': 'poly'}",0.0,0.0,0.0,0.0,0.0,0.0,0.0,133
38,0.07908735275268555,0.0009812935858224308,0.029231834411621093,0.0005301683745710143,0.1,ovr,3,scale,rbf,"{'C': 0.1, 'decision_function_shape': 'ovr', 'degree': 3, 'gamma': 'scale', 'kernel': 'rbf'}",0.0,0.0,0.0,0.0,0.0,0.0,0.0,133
39,0.078619384765625,0.0011005590815711037,0.01977686882019043,0.0002483861371719118,0.1,ovr,3,scale,sigmoid,"{'C': 0.1, 'decision_function_shape': 'ovr', 'degree': 3, 'gamma': 'scale', 'kernel': 'sigmoid'}",0.0,0.0,0.0,0.0,0.0,0.0,0.0,133
43,0.07564792633056641,0.00026793482040972746,0.01920342445373535,0.0001359359790164798,0.1,ovr,5,auto,sigmoid,"{'C': 0.1, 'decision_function_shape': 'ovr', 'degree': 5, 'gamma': 'auto', 'kernel': 'sigmoid'}",0.0,0.0,0.0,0.0,0.0,0.0,0.0,133
95,0.07640743255615234,0.0004196687958629122,0.01938338279724121,0.0003105801293077389,0.5,ovo,20,scale,sigmoid,"{'C': 0.5, 'decision_function_shape': 'ovo', 'degree': 20, 'gamma': 'scale', 'kernel': 'sigmoid'}",0.0,0.0,0.0,0.0,0.0,0.0,0.0,133
87,0.0766683578491211,0.00042755341546325403,0.019106626510620117,0.0001722853631324894,0.5,ovo,10,scale,sigmoid,"{'C': 0.5, 'decision_function_shape': 'ovo', 'degree': 10, 'gamma': 'scale', 'kernel': 'sigmoid'}",0.0,0.0,0.0,0.0,0.0,0.0,0.0,133
101,0.07436141967773438,0.0006653346409018863,0.018895339965820313,0.00042801723540363587,0.5,ovr,3,scale,poly,"{'C': 0.5, 'decision_function_shape': 'ovr', 'degree': 3, 'gamma': 'scale', 'kernel': 'poly'}",0.0,0.0,0.0,0.0,0.0,0.0,0.0,133
143,0.07639994621276855,0.0003139048601857379,0.019043874740600587,9.943620069121639e-05,1,ovo,5,scale,sigmoid,"{'C': 1, 'decision_function_shape': 'ovo', 'degree': 5, 'gamma': 'scale', 'kernel': 'sigmoid'}",0.0,0.0,0.0,0.0,0.0,0.0,0.0,133
99,0.07425050735473633,0.0002890213587040682,0.01880927085876465,9.791864685855314e-05,0.5,ovr,3,auto,sigmoid,"{'C': 0.5, 'decision_function_shape': 'ovr', 'degree': 3, 'gamma': 'auto', 'kernel': 'sigmoid'}",0.0,0.0,0.0,0.0,0.0,0.0,0.0,133
147,0.07627673149108886,0.001702671021806969,0.019232749938964844,0.00023695290187534593,1,ovo,10,auto,sigmoid,"{'C': 1, 'decision_function_shape': 'ovo', 'degree': 10, 'gamma': 'auto', 'kernel': 'sigmoid'}",0.0,0.0,0.0,0.0,0.0,0.0,0.0,133
149,0.07488722801208496,0.000751967744566137,0.018735408782958984,0.00023597432345098514,1,ovo,10,scale,poly,"{'C': 1, 'decision_function_shape': 'ovo', 'degree': 10, 'gamma': 'scale', 'kernel': 'poly'}",0.0,0.0,0.0,0.0,0.0,0.0,0.0,133
150,0.0785496711730957,0.002008176774812778,0.029207515716552734,0.0007622237484417245,1,ovo,10,scale,rbf,"{'C': 1, 'decision_function_shape': 'ovo', 'degree': 10, 'gamma': 'scale', 'kernel': 'rbf'}",0.0,0.0,0.0,0.0,0.0,0.0,0.0,133
151,0.0775519847869873,0.0010934155377838595,0.01956949234008789,0.00042033303953605325,1,ovo,10,scale,sigmoid,"{'C': 1, 'decision_function_shape': 'ovo', 'degree': 10, 'gamma': 'scale', 'kernel': 'sigmoid'}",0.0,0.0,0.0,0.0,0.0,0.0,0.0,133
155,0.07577424049377442,0.0007891103402538319,0.01914820671081543,0.00028369837780468785,1,ovo,20,auto,sigmoid,"{'C': 1, 'decision_function_shape': 'ovo', 'degree': 20, 'gamma': 'auto', 'kernel': 'sigmoid'}",0.0,0.0,0.0,0.0,0.0,0.0,0.0,133
157,0.0767521858215332,0.0017284650657045486,0.01866879463195801,0.00024952440624128756,1,ovo,20,scale,poly,"{'C': 1, 'decision_function_shape': 'ovo', 'degree': 20, 'gamma': 'scale', 'kernel': 'poly'}",0.0,0.0,0.0,0.0,0.0,0.0,0.0,133
158,0.07664055824279785,0.00046844064507965623,0.028615808486938475,0.00036324344286542496,1,ovo,20,scale,rbf,"{'C': 1, 'decision_function_shape': 'ovo', 'degree': 20, 'gamma': 'scale', 'kernel': 'rbf'}",0.0,0.0,0.0,0.0,0.0,0.0,0.0,133
318,0.08075413703918458,0.001609467688028466,0.030129003524780273,0.0008670768310798404,50,ovr,20,scale,rbf,"{'C': 50, 'decision_function_shape': 'ovr', 'degree': 20, 'gamma': 'scale', 'kernel': 'rbf'}",0.0,0.0,0.0,0.0,0.0,0.0,0.0,133
163,0.07401351928710938,0.00019227629316728698,0.018680858612060546,9.488045815621457e-05,1,ovr,3,auto,sigmoid,"{'C': 1, 'decision_function_shape': 'ovr', 'degree': 3, 'gamma': 'auto', 'kernel': 'sigmoid'}",0.0,0.0,0.0,0.0,0.0,0.0,0.0,133
142,0.07645306587219239,9.84145688295607e-05,0.028335189819335936,0.00020023666939948678,1,ovo,5,scale,rbf,"{'C': 1, 'decision_function_shape': 'ovo', 'degree': 5, 'gamma': 'scale', 'kernel': 'rbf'}",0.0,0.0,0.0,0.0,0.0,0.0,0.0,133
165,0.0737492561340332,0.00016931905363148133,0.018588829040527343,0.0001899437830852581,1,ovr,3,scale,poly,"{'C': 1, 'decision_function_shape': 'ovr', 'degree': 3, 'gamma': 'scale', 'kernel': 'poly'}",0.0,0.0,0.0,0.0,0.0,0.0,0.0,133
167,0.07601742744445801,0.00016171483531769257,0.019020891189575194,8.803924914417305e-05,1,ovr,3,scale,sigmoid,"{'C': 1, 'decision_function_shape': 'ovr', 'degree': 3, 'gamma': 'scale', 'kernel': 'sigmoid'}",0.0,0.0,0.0,0.0,0.0,0.0,0.0,133
171,0.0750819206237793,0.0008861484272869398,0.019232845306396483,0.0005450811799232824,1,ovr,5,auto,sigmoid,"{'C': 1, 'decision_function_shape': 'ovr', 'degree': 5, 'gamma': 'auto', 'kernel': 'sigmoid'}",0.0,0.0,0.0,0.0,0.0,0.0,0.0,133
173,0.07699494361877442,0.0003789114222326386,0.019585227966308592,0.00035306198522004324,1,ovr,5,scale,poly,"{'C': 1, 'decision_function_shape': 'ovr', 'degree': 5, 'gamma': 'scale', 'kernel': 'poly'}",0.0,0.0,0.0,0.0,0.0,0.0,0.0,133
174,0.0775031566619873,0.0008925277944118014,0.028683280944824217,0.00019914204078100802,1,ovr,5,scale,rbf,"{'C': 1, 'decision_function_shape': 'ovr', 'degree': 5, 'gamma': 'scale', 'kernel': 'rbf'}",0.0,0.0,0.0,0.0,0.0,0.0,0.0,133
175,0.0785562515258789,0.0010700435921107575,0.019947147369384764,0.00038571070350390383,1,ovr,5,scale,sigmoid,"{'C': 1, 'decision_function_shape': 'ovr', 'degree': 5, 'gamma': 'scale', 'kernel': 'sigmoid'}",0.0,0.0,0.0,0.0,0.0,0.0,0.0,133
179,0.07449703216552735,0.00040921842653369783,0.01880784034729004,0.0001838002459428269,1,ovr,10,auto,sigmoid,"{'C': 1, 'decision_function_shape': 'ovr', 'degree': 10, 'gamma': 'auto', 'kernel': 'sigmoid'}",0.0,0.0,0.0,0.0,0.0,0.0,0.0,133
181,0.0745417594909668,0.00034654717117435426,0.01853032112121582,5.506228435183345e-05,1,ovr,10,scale,poly,"{'C': 1, 'decision_function_shape': 'ovr', 'degree': 10, 'gamma': 'scale', 'kernel': 'poly'}",0.0,0.0,0.0,0.0,0.0,0.0,0.0,133
182,0.07669448852539062,0.00075527294024381,0.028558635711669923,0.00045578178889762175,1,ovr,10,scale,rbf,"{'C': 1, 'decision_function_shape': 'ovr', 'degree': 10, 'gamma': 'scale', 'kernel': 'rbf'}",0.0,0.0,0.0,0.0,0.0,0.0,0.0,133
183,0.07743959426879883,0.0016772808035527462,0.019127511978149415,0.0001845142070729711,1,ovr,10,scale,sigmoid,"{'C': 1, 'decision_function_shape': 'ovr', 'degree': 10, 'gamma': 'scale', 'kernel': 'sigmoid'}",0.0,0.0,0.0,0.0,0.0,0.0,0.0,133
187,0.07504825592041016,0.0009069247123341321,0.01889066696166992,0.00014105641069726553,1,ovr,20,auto,sigmoid,"{'C': 1, 'decision_function_shape': 'ovr', 'degree': 20, 'gamma': 'auto', 'kernel': 'sigmoid'}",0.0,0.0,0.0,0.0,0.0,0.0,0.0,133
189,0.0775221824645996,0.0010516048525693595,0.01890244483947754,0.00017511617251348829,1,ovr,20,scale,poly,"{'C': 1, 'decision_function_shape': 'ovr', 'degree': 20, 'gamma': 'scale', 'kernel': 'poly'}",0.0,0.0,0.0,0.0,0.0,0.0,0.0,133
166,0.07636089324951172,0.00019087591915912692,0.028290319442749023,0.00011605450409785773,1,ovr,3,scale,rbf,"{'C': 1, 'decision_function_shape': 'ovr', 'degree': 3, 'gamma': 'scale', 'kernel': 'rbf'}",0.0,0.0,0.0,0.0,0.0,0.0,0.0,133
141,0.07395715713500976,0.0003598988399214826,0.018597793579101563,0.0002391760903826985,1,ovo,5,scale,poly,"{'C': 1, 'decision_function_shape': 'ovo', 'degree': 5, 'gamma': 'scale', 'kernel': 'poly'}",0.0,0.0,0.0,0.0,0.0,0.0,0.0,133
319,0.07866053581237793,0.0007527421880643446,0.019617462158203126,0.0004184616403954607,50,ovr,20,scale,sigmoid,"{'C': 50, 'decision_function_shape': 'ovr', 'degree': 20, 'gamma': 'scale', 'kernel': 'sigmoid'}",0.0,0.0,0.0,0.0,0.0,0.0,0.0,133
115,0.07405323982238769,0.00035995398931052476,0.018737411499023436,0.00012284185915461193,0.5,ovr,10,auto,sigmoid,"{'C': 0.5, 'decision_function_shape': 'ovr', 'degree': 10, 'gamma': 'auto', 'kernel': 'sigmoid'}",0.0,0.0,0.0,0.0,0.0,0.0,0.0,133
110,0.07630367279052734,0.0002119293831381528,0.028373527526855468,0.00010496586372974868,0.5,ovr,5,scale,rbf,"{'C': 0.5, 'decision_function_shape': 'ovr', 'degree': 5, 'gamma': 'scale', 'kernel': 'rbf'}",0.0,0.0,0.0,0.0,0.0,0.0,0.0,133
109,0.07494020462036133,0.0007559391824986716,0.018883943557739258,0.00027073619624046213,0.5,ovr,5,scale,poly,"{'C': 0.5, 'decision_function_shape': 'ovr', 'degree': 5, 'gamma': 'scale', 'kernel': 'poly'}",0.0,0.0,0.0,0.0,0.0,0.0,0.0,133
139,0.0743210792541504,0.00031053286908041167,0.01868133544921875,7.272437330492658e-05,1,ovo,5,auto,sigmoid,"{'C': 1, 'decision_function_shape': 'ovo', 'degree': 5, 'gamma': 'auto', 'kernel': 'sigmoid'}",0.0,0.0,0.0,0.0,0.0,0.0,0.0,133
107,0.07434687614440919,0.00010379558796857372,0.018763256072998048,8.074451306355847e-05,0.5,ovr,5,auto,sigmoid,"{'C': 0.5, 'decision_function_shape': 'ovr', 'degree': 5, 'gamma': 'auto', 'kernel': 'sigmoid'}",0.0,0.0,0.0,0.0,0.0,0.0,0.0,133
117,0.07412586212158204,0.00020973467617056073,0.01847972869873047,6.337318318113288e-05,0.5,ovr,10,scale,poly,"{'C': 0.5, 'decision_function_shape': 'ovr', 'degree': 10, 'gamma': 'scale', 'kernel': 'poly'}",0.0,0.0,0.0,0.0,0.0,0.0,0.0,133
118,0.07626786231994628,0.00022437043371742436,0.02829146385192871,0.00010656483722680059,0.5,ovr,10,scale,rbf,"{'C': 0.5, 'decision_function_shape': 'ovr', 'degree': 10, 'gamma': 'scale', 'kernel': 'rbf'}",0.0,0.0,0.0,0.0,0.0,0.0,0.0,133
119,0.07603039741516113,0.00023034312751388266,0.018993425369262695,6.587301262156412e-05,0.5,ovr,10,scale,sigmoid,"{'C': 0.5, 'decision_function_shape': 'ovr', 'degree': 10, 'gamma': 'scale', 'kernel': 'sigmoid'}",0.0,0.0,0.0,0.0,0.0,0.0,0.0,133
103,0.076580810546875,0.0003157401070407302,0.01908884048461914,9.975481215557262e-05,0.5,ovr,3,scale,sigmoid,"{'C': 0.5, 'decision_function_shape': 'ovr', 'degree': 3, 'gamma': 'scale', 'kernel': 'sigmoid'}",0.0,0.0,0.0,0.0,0.0,0.0,0.0,133
123,4.956008863449097,9.761323054029244,0.01986856460571289,0.0016995685319784405,0.5,ovr,20,auto,sigmoid,"{'C': 0.5, 'decision_function_shape': 'ovr', 'degree': 20, 'gamma': 'auto', 'kernel': 'sigmoid'}",0.0,0.0,0.0,0.0,0.0,0.0,0.0,133
111,0.07595381736755372,0.00018874902490727895,0.019121742248535155,8.687870954632129e-05,0.5,ovr,5,scale,sigmoid,"{'C': 0.5, 'decision_function_shape': 'ovr', 'degree': 5, 'gamma': 'scale', 'kernel': 'sigmoid'}",0.0,0.0,0.0,0.0,0.0,0.0,0.0,133
125,0.07665538787841797,0.000857964036601414,0.019130516052246093,0.00032580041117380145,0.5,ovr,20,scale,poly,"{'C': 0.5, 'decision_function_shape': 'ovr', 'degree': 20, 'gamma': 'scale', 'kernel': 'poly'}",0.0,0.0,0.0,0.0,0.0,0.0,0.0,133
126,0.07714400291442872,0.000634109889531142,0.028725862503051758,0.00023913823234949374,0.5,ovr,20,scale,rbf,"{'C': 0.5, 'decision_function_shape': 'ovr', 'degree': 20, 'gamma': 'scale', 'kernel': 'rbf'}",0.0,0.0,0.0,0.0,0.0,0.0,0.0,133
127,0.07619700431823731,0.0002838239792833982,0.019176578521728514,0.0001058847590772669,0.5,ovr,20,scale,sigmoid,"{'C': 0.5, 'decision_function_shape': 'ovr', 'degree': 20, 'gamma': 'scale', 'kernel': 'sigmoid'}",0.0,0.0,0.0,0.0,0.0,0.0,0.0,133
131,0.07447872161865235,0.00029821079454978825,0.018759536743164062,0.0001395217213635255,1,ovo,3,auto,sigmoid,"{'C': 1, 'decision_function_shape': 'ovo', 'degree': 3, 'gamma': 'auto', 'kernel': 'sigmoid'}",0.0,0.0,0.0,0.0,0.0,0.0,0.0,133
102,0.07685351371765137,0.0004354107902102005,0.028374767303466795,7.895631450991096e-05,0.5,ovr,3,scale,rbf,"{'C': 0.5, 'decision_function_shape': 'ovr', 'degree': 3, 'gamma': 'scale', 'kernel': 'rbf'}",0.0,0.0,0.0,0.0,0.0,0.0,0.0,133
133,0.07414393424987793,0.0001969219347388124,0.018670272827148438,0.00018537227132946543,1,ovo,3,scale,poly,"{'C': 1, 'decision_function_shape': 'ovo', 'degree': 3, 'gamma': 'scale', 'kernel': 'poly'}",0.0,0.0,0.0,0.0,0.0,0.0,0.0,133
134,0.07663927078247071,0.0002935375851071552,0.028342580795288085,0.00014312047867726707,1,ovo,3,scale,rbf,"{'C': 1, 'decision_function_shape': 'ovo', 'degree': 3, 'gamma': 'scale', 'kernel': 'rbf'}",0.0,0.0,0.0,0.0,0.0,0.0,0.0,133
135,0.07634782791137695,0.00024019414641655423,0.019083166122436525,6.874573067840726e-05,1,ovo,3,scale,sigmoid,"{'C': 1, 'decision_function_shape': 'ovo', 'degree': 3, 'gamma': 'scale', 'kernel': 'sigmoid'}",0.0,0.0,0.0,0.0,0.0,0.0,0.0,133
89,0.0013320446014404297,5.6793687675988165e-05,0.0,0.0,0.5,ovo,20,auto,poly,"{'C': 0.5, 'decision_function_shape': 'ovo', 'degree': 20, 'gamma': 'auto', 'kernel': 'poly'}",,,,,,,,301
185,0.0013670921325683594,0.00011483541680867225,0.0,0.0,1,ovr,20,auto,poly,"{'C': 1, 'decision_function_shape': 'ovr', 'degree': 20, 'gamma': 'auto', 'kernel': 'poly'}",,,,,,,,301
249,0.0013326168060302734,4.623835610449071e-05,0.0,0.0,10,ovr,20,auto,poly,"{'C': 10, 'decision_function_shape': 'ovr', 'degree': 20, 'gamma': 'auto', 'kernel': 'poly'}",,,,,,,,301
177,0.0013239383697509766,7.207232358959484e-05,0.0,0.0,1,ovr,10,auto,poly,"{'C': 1, 'decision_function_shape': 'ovr', 'degree': 10, 'gamma': 'auto', 'kernel': 'poly'}",,,,,,,,301
313,0.0014123916625976562,0.0001490412491889212,0.0,0.0,50,ovr,20,auto,poly,"{'C': 50, 'decision_function_shape': 'ovr', 'degree': 20, 'gamma': 'auto', 'kernel': 'poly'}",,,,,,,,301
81,0.0014281272888183594,0.0001238724372061402,0.0,0.0,0.5,ovo,10,auto,poly,"{'C': 0.5, 'decision_function_shape': 'ovo', 'degree': 10, 'gamma': 'auto', 'kernel': 'poly'}",,,,,,,,301
281,0.0013235092163085937,6.0341552195749016e-05,0.0,0.0,50,ovo,20,auto,poly,"{'C': 50, 'decision_function_shape': 'ovo', 'degree': 20, 'gamma': 'auto', 'kernel': 'poly'}",,,,,,,,301
305,0.001510477066040039,0.00026038992275373283,0.0,0.0,50,ovr,10,auto,poly,"{'C': 50, 'decision_function_shape': 'ovr', 'degree': 10, 'gamma': 'auto', 'kernel': 'poly'}",,,,,,,,301
113,0.0013216495513916015,6.785270451229494e-05,0.0,0.0,0.5,ovr,10,auto,poly,"{'C': 0.5, 'decision_function_shape': 'ovr', 'degree': 10, 'gamma': 'auto', 'kernel': 'poly'}",,,,,,,,301
241,0.0013288021087646484,6.0930124450779205e-05,0.0,0.0,10,ovr,10,auto,poly,"{'C': 10, 'decision_function_shape': 'ovr', 'degree': 10, 'gamma': 'auto', 'kernel': 'poly'}",,,,,,,,301
209,0.0013175010681152344,4.910450440988471e-05,0.0,0.0,10,ovo,10,auto,poly,"{'C': 10, 'decision_function_shape': 'ovo', 'degree': 10, 'gamma': 'auto', 'kernel': 'poly'}",,,,,,,,301
25,0.0013303279876708985,3.634281274515236e-05,0.0,0.0,0.1,ovo,20,auto,poly,"{'C': 0.1, 'decision_function_shape': 'ovo', 'degree': 20, 'gamma': 'auto', 'kernel': 'poly'}",,,,,,,,301
121,0.0013307094573974609,6.964150784094034e-05,0.0,0.0,0.5,ovr,20,auto,poly,"{'C': 0.5, 'decision_function_shape': 'ovr', 'degree': 20, 'gamma': 'auto', 'kernel': 'poly'}",,,,,,,,301
217,0.0015380382537841797,0.00020893103148741715,0.0,0.0,10,ovo,20,auto,poly,"{'C': 10, 'decision_function_shape': 'ovo', 'degree': 20, 'gamma': 'auto', 'kernel': 'poly'}",,,,,,,,301
153,0.0013579845428466797,9.030072130330671e-05,0.0,0.0,1,ovo,20,auto,poly,"{'C': 1, 'decision_function_shape': 'ovo', 'degree': 20, 'gamma': 'auto', 'kernel': 'poly'}",,,,,,,,301
273,0.0013394355773925781,7.963351858888837e-05,0.0,0.0,50,ovo,10,auto,poly,"{'C': 50, 'decision_function_shape': 'ovo', 'degree': 10, 'gamma': 'auto', 'kernel': 'poly'}",,,,,,,,301
57,0.0013435840606689452,8.304589704792443e-05,0.0,0.0,0.1,ovr,20,auto,poly,"{'C': 0.1, 'decision_function_shape': 'ovr', 'degree': 20, 'gamma': 'auto', 'kernel': 'poly'}",,,,,,,,301
49,0.0014561176300048827,0.0001830165741627088,0.0,0.0,0.1,ovr,10,auto,poly,"{'C': 0.1, 'decision_function_shape': 'ovr', 'degree': 10, 'gamma': 'auto', 'kernel': 'poly'}",,,,,,,,301
17,0.001337432861328125,8.019666717518745e-05,0.0,0.0,0.1,ovo,10,auto,poly,"{'C': 0.1, 'decision_function_shape': 'ovo', 'degree': 10, 'gamma': 'auto', 'kernel': 'poly'}",,,,,,,,301
145,0.0013401508331298828,7.904789473283385e-05,0.0,0.0,1,ovo,10,auto,poly,"{'C': 1, 'decision_function_shape': 'ovo', 'degree': 10, 'gamma': 'auto', 'kernel': 'poly'}",,,,,,,,301
